"file_path","symbol_or_line","current_value_or_assumption","dataset_dependent","pipeline_dependent_dataset_independent","safe_to_reuse","required_v2_action","earliest_pipeline_stage","risk_if_unchanged","classification"
"src/build_manifest.py","DEFAULT_DATASET_ROOT (line 32)","old external VieSpeaker root","yes","no","no","Retire the default for v2 and require the approved v2 root through configuration; never overwrite the v1 full manifest.","before full manifest v2","Scans the pilot dataset or overwrites historical manifest outputs.","Must change before full manifest v2"
"src/build_manifest.py","output_paths / MANIFEST_COLUMNS","writes manifests/full_manifest.csv with absolute audio_path","yes","no","partial","Create a separate full_manifest_v2 writer using portable dataset-root-relative paths and the approved v2 schema.","before full manifest v2","Could overwrite protected v1 evidence and persist local absolute paths.","Must change before full manifest v2"
"src/build_manifest.py","EXPECTED_SAMPLE_RATE / EXPECTED_CHANNELS / EXPECTED_NUM_FRAMES / EXPECTED_DURATION_SECONDS (lines 55-58)","16000 / 1 / 48000 / 3.0","yes","yes","partial","Treat observed audio properties as audit evidence and later approved manifest/config values rather than universal constants.","before full manifest v2","Future data variation could be falsely rejected or silently assumed.","Must change before full manifest v2"
"src/inspect_dataset.py","DEFAULT_DATASET_ROOT (line 26)","old external VieSpeaker root","yes","no","no","Keep historical inspector unchanged for v1 or add a separately versioned configurable v2 entry point.","before full manifest v2","Targets the wrong dataset.","Historical v1 artifact that must remain untouched"
"scripts/create_speaker_split.py","TRUSTED_GROUPS / QUARANTINE_GROUPS (lines 14-15)","train plus train_small trusted; test plus part quarantined","yes","no","no","Replace provenance-based eligibility with an approved full_manifest_v2 policy; provenance must not assign a split.","before approved split v2","Recreates pilot logic and violates v2 provenance governance.","Must change before approved split v2"
"scripts/create_speaker_split.py","CLI defaults (lines 319-323)","seed 2026; minimums 5/10; validation/test targets 100/100","yes","no","no","Derive approved split policy and targets from a versioned split-v2 config after human approval.","before approved split v2","Produces an unapproved allocation and may exclude valid v2 speakers.","Must change before approved split v2"
"scripts/create_speaker_split.py","write_outputs (lines 302-309)","speaker_split_v1 / split_config_v1 / quarantine_audit_v1 paths","yes","no","no","Use new v2 paths only after split approval; preserve every v1 artifact.","before approved split v2","Overwrites or confuses pilot and v2 identities.","Historical v1 artifact that must remain untouched"
"scripts/create_portable_manifests.py","EXPECTED_ROWS / EXPECTED_SPEAKERS (lines 23-24)","31998/8504/9198 rows and 488/100/100 speakers","yes","no","no","Derive row and speaker counts from the approved split-v2 artifact and validate against its identity.","before approved split v2","Rejects valid v2 data or falsely authenticates pilot-shaped inputs.","Must change before approved split v2"
"scripts/create_portable_manifests.py","TRUSTED_GROUPS / QUARANTINE_GROUPS (lines 13-14)","provenance-based pilot filtering","yes","no","no","Read only approved split-v2 assignments; retain provenance as metadata.","before approved split v2","Drops or assigns v2 files based on filename provenance.","Must change before approved split v2"
"scripts/create_portable_manifests.py","write_outputs (lines 337-341)","portable manifest v1 and speaker_to_label_v1 names","yes","no","no","Create distinct approved v2 manifest and mapping names only in the later authorized task.","before approved split v2","Overwrites or reuses pilot labels and identities.","Historical v1 artifact that must remain untouched"
"scripts/precompute_speechbrain_fbank.py","EXPECTED_ROWS (line 29)","31998/8504/9198","yes","no","no","Read expected split counts and manifest hashes from approved v2 cache configuration.","before Fbank cache v2","Rejects v2 or builds a cache with a false pilot identity.","Must change before Fbank cache v2"
"scripts/precompute_speechbrain_fbank.py","FRAMES / DIM / SAMPLES / SAMPLE_RATE (line 30)","301 / 80 / 48000 / 16000","partial","yes","partial","Keep 80 mel bins and 16 kHz when approved; derive waveform length and T from approved manifests/config and validate SpeechBrain output without transposition.","before Fbank cache v2","Hard-coded T or waveform length can invalidate otherwise correct v2 audio.","Must change before Fbank cache v2"
"scripts/precompute_speechbrain_fbank.py","index/config/report names (lines 328, 394-398, 449, 504-508)","feature_index_v1 / fbank_cache_config_v1 / fbank_cache_v1 report","yes","no","no","Write a distinct cache-v2 schema/path with approved manifest and config hashes.","before Fbank cache v2","Could overwrite v1 cache metadata or mix cache generations.","Must change before Fbank cache v2"
"src/cached_fbank_dataset.py","SPLITS and config validation (lines 15, 82-88)","fixed train/validation/test config and [301,80] float32","partial","yes","partial","Parameterize schema/version and accept approved [T,80] from cache-v2 config while retaining strict dtype/shape validation.","before Fbank cache v2","Cannot load a valid v2 cache with a different T and may accept the wrong schema.","Must change before Fbank cache v2"
"src/cached_fbank_dataset.py","train label guard (lines 129-132)","train labels 0..487; non-train label -1","yes","no","no","Validate against the approved v2 speaker-to-label mapping and class count.","before training v2","Rejects v2 labels or permits a mismatched classifier.","Must change before training v2"
"src/cached_fbank_samplers.py","validate_train_sampler_metadata / configurable P-K sampler","speaker identities and counts read from Dataset; P/K/num_batches arguments supported","no","yes","yes","Reuse validation and deterministic sampler mechanics after binding them to approved cache-v2 metadata and an approved sampler config.","before training v2","Low if configured correctly; defaults must not become implicit approval.","Safe reusable production logic"
"src/cached_fbank_samplers.py","_PKBase defaults (lines 120-141)","P=16 K=2; num_batches defaults from dataset size","yes","yes","partial","Require explicit approved v2 P/K/epoch-length config and derive feasible values from speaker distribution.","before training v2","Pilot sampling assumptions may repeat or omit v2 data inappropriately.","Must change before training v2"
"src/aam_training.py","NUM_CLASSES (line 22)","488","yes","no","no","Construct AAM-Softmax with class count from approved v2 label mapping.","before training v2","Classifier shape and labels do not match v2 speakers.","Must change before training v2"
"src/aam_training.py","APPROVED_TRAIN_CACHE_RELATIVE / APPROVED_TRAIN_INDEX_FILENAME (lines 24-25)","outputs/fbank_cache_v1 and train_feature_index_v1.csv","yes","no","no","Bind guards to versioned cache-v2 config and approved train index identity.","before training v2","Loads pilot cache for v2 training.","Must change before training v2"
"src/aam_training.py","AAMSoftmax and optimizer helpers","class count is already a constructor parameter; optimizer coverage and BatchNorm guards are generic","no","yes","yes","Reuse with v2-provided class count and data identity; preserve pretrained-classifier exclusion.","before training v2","Low if pilot defaults are never used.","Safe reusable production logic"
"src/ecapa_one_epoch_pilot.py","EXPECTED_TRIAL_SHA256 and APPROVED_INPUT_PATHS (lines 32-34, 97-103)","pilot validation trial hash and v1 cache/manifest/trial paths","yes","no","no","Do not migrate this pilot contract; create a v2 checkpoint identity from approved artifacts.","before verification trials v2","Authenticates and loads the pilot validation protocol.","Historical v1 artifact that must remain untouched"
"src/ecapa_one_epoch_pilot.py","SAMPLER_CONFIGURATION / AAM_CONFIGURATION (lines 37-65)","1000 batches; P16K2; window 8; 488 classes","yes","yes","no","Replace through an approved v2 training config derived from v2 manifests/cache.","before training v2","Carries pilot epoch length, sampling, and classifier shape into v2.","Must change before training v2"
"src/ecapa_one_epoch_pilot.py","validation payload guards (lines 843, 952-954, 985)","19528 trials; 8504 rows; [301,80]","yes","no","no","Validate counts and T from approved v2 validation protocol/cache identities.","before baseline v2","Rejects v2 results or incorrectly authenticates pilot-shaped outputs.","Must change before baseline v2"
"scripts/generate_validation_trials_v1.py","EXPECTED_ROWS / EXPECTED_SPEAKERS and default inputs (lines 19-20, 69-70, 84)","8504 rows; 100 speakers; v1 validation manifest/cache; validation_trials_v1","yes","no","no","Create a separately versioned v2 generator driven by the approved validation manifest and protocol config.","before verification trials v2","Regenerates or overwrites the pilot trial protocol.","Must change before verification trials v2"
"src/verification_trials.py","relative-path validation and metadata ownership validation (lines 37-55, 145+)","portable paths; deterministic pairing; path-owner checks","no","yes","yes","Reuse after approved validation split v2; make pair caps and protocol identity explicit in config.","before verification trials v2","Low; insufficient-pair speakers must be handled by approved policy.","Safe reusable production logic"
"scripts/evaluate_pretrained_validation_baseline.py","EXPECTED_ROWS and default v1 paths (lines 29, 52-57)","8504 and fbank_cache_v1 / validation_manifest_v1 / validation_trials_v1 / baseline_v1","yes","no","no","Use approved v2 validation/cache/trial paths and a separate baseline-v2 identity.","before baseline v2","Evaluates the pilot protocol instead of v2.","Must change before baseline v2"
"scripts/recompute_pretrained_validation_metrics.py","EXPECTED_ROWS / EXPECTED_SPEAKERS and v1 artifact defaults (lines 25-26, 132-139)","8504/100 and v1 cache/trials/embeddings/scores/reports","yes","no","no","Bind metrics-only reuse to approved baseline-v2 identities and expected counts.","before baseline v2","Reuses pilot scores, thresholds, and metadata.","Must change before baseline v2"
"src/verification_metrics.py","verification_operating_points / calculate_eer","O(N log N) grouped EER and explicit empirical threshold semantics","no","yes","yes","Reuse unchanged after v2 validation trials and scores are approved.","before baseline v2","Low; correctness depends on authoritative v2 inputs.","Safe reusable production logic"
"src/verification_baseline.py","score_trials / validate_saved_artifacts","cosine scoring and metadata-order validation; embedding dimension 192","no","yes","yes","Reuse scoring; source expected row counts from approved v2 metadata and retain 192-dimensional encoder invariant.","before baseline v2","Low if artifact identities are v2-specific.","Safe reusable production logic"
"scripts/run_ecapa_aam_one_epoch_pilot.py","CACHE_RELATIVE / validation inputs and counts (lines 127-143)","fbank_cache_v1; validation_manifest_v1; validation_trials_v1; 8504/100/19528","yes","no","no","Keep this runner pilot-only; implement a separately configured v2 runner after all prerequisite approvals.","before training v2","Loads pilot cache and validation protocol.","Historical v1 artifact that must remain untouched"
"scripts/run_ecapa_aam_one_epoch_pilot.py","train guards and tensor shapes (lines 483, 573, 1163-1165)","488 classes; 31998 train rows; labels 0..487","yes","no","no","Derive row/class/label checks from approved v2 manifest, mapping, and cache config.","before training v2","Wrong classifier and data identity.","Must change before training v2"
"src/ecapa_multiepoch.py","START_GLOBAL_STEP / STEPS_PER_EPOCH / initial EER and threshold (lines 15-22)","1000; 1000; pilot epoch-0 EER 0.064625...; threshold 0.174452...","yes","no","no","Do not resume or migrate this pilot state; initialize v2 scheduler/checkpoint selection from v2 configuration and validation only.","before training v2","Resumes pilot optimization and imports a pilot threshold.","Historical v1 artifact that must remain untouched"
"scripts/run_ecapa_aam_multiepoch.py","START_CHECKPOINT_RELATIVE / EXPECTED_START_SHA256 (lines 124-134)","pilot epoch_000.pt and fixed SHA-256","yes","no","no","Never use as v2 start state; v2 checkpoint identity must bind approved v2 artifacts.","before training v2","Calls a pilot checkpoint the v2 model or resumes incompatible optimizer state.","Historical v1 artifact that must remain untouched"
"scripts/run_ecapa_aam_multiepoch.py","TRAINING_CONFIGURATION (lines 137-159)","epochs 1-4; 1000 batches; P16K2 W8; [301,80]; 8504 rows; 19528 trials","yes","yes","no","Replace with a versioned v2 training config derived from approved manifests/cache/trials and separately approved hyperparameters.","before training v2","Entire run remains coupled to pilot dataset and protocol.","Must change before training v2"
"src/speechbrain_frontend.py","SpeechBrainECAPAFrontend SOURCE / feature and embedding methods (lines 36-39, 178-212)","spkrec-ecapa-voxceleb; native [B,T,80]; [B,1,192]","no","yes","yes","Reuse the pretrained frontend/normalization/embedding modules; never transpose features or use the pretrained classifier.","before Fbank cache v2","Low; changing it would violate the production model contract.","Safe reusable production logic"
"src/fbank.py","standalone project Fbank extractor","non-SpeechBrain frontend","no","yes","no","Retain only for historical/synthetic diagnostics; never substitute it into the production cached-feature path.","before Fbank cache v2","Feature mismatch with pretrained ECAPA frontend.","Historical v1 artifact that must remain untouched"
"manifests/portable/*_v1 and speaker_to_label_v1.json","historical versioned artifacts","pilot splits and 488-class mapping","yes","no","no","Preserve untouched and exclude from every v2 identity.","before approved split v2","Data leakage and label-space mismatch.","Historical v1 artifact that must remain untouched"
"outputs/fbank_cache_v1","historical ignored artifact namespace","pilot [301,80] cache and v1 indexes","yes","no","no","Preserve untouched; create a separate cache-v2 namespace only after approval.","before Fbank cache v2","Mixes old and new datasets and cache schemas.","Historical v1 artifact that must remain untouched"
"manifests/verification/validation_trials_v1*","historical versioned artifacts","pilot fixed validation protocol and hashes","yes","no","no","Preserve untouched; generate trials-v2 only from approved validation split v2.","before verification trials v2","Pilot speakers and thresholds contaminate v2 evaluation.","Historical v1 artifact that must remain untouched"
"reports/pretrained_ecapa_validation_baseline_v1*","historical versioned artifacts","pilot baseline scores, EER, and threshold","yes","no","no","Preserve as history; compute a separate baseline-v2 only after trials-v2 approval.","before baseline v2","Imports pilot threshold and performance claims.","Historical v1 artifact that must remain untouched"
"outputs/ecapa_aam_one_epoch_pilot_v1 and outputs/ecapa_aam_multiepoch_v1","historical ignored checkpoints","pilot model/optimizer/scheduler and data identity","yes","no","no","Preserve and quarantine from v2; initialize v2 training without pilot resume state.","before training v2","Incompatible class head, optimizer state, and data identity.","Historical v1 artifact that must remain untouched"
