speaker_id,total_utterances,groups,train_utterances,train_small_utterances,test_utterances,part_utterances,unknown_utterances,exactly_1_utterance,fewer_than_2,fewer_than_3,fewer_than_5,fewer_than_10
87,1,train,1,0,0,0,0,1,1,1,1,1
192,1,train,1,0,0,0,0,1,1,1,1,1
236,1,train,1,0,0,0,0,1,1,1,1,1
1000,1,train,1,0,0,0,0,1,1,1,1,1
1003,1,train,1,0,0,0,0,1,1,1,1,1
1004,1,train_small,0,1,0,0,0,1,1,1,1,1
1008,1,test,0,0,1,0,0,1,1,1,1,1
1012,1,train,1,0,0,0,0,1,1,1,1,1
1016,1,train_small,0,1,0,0,0,1,1,1,1,1
1019,1,train_small,0,1,0,0,0,1,1,1,1,1
1066,1,train,1,0,0,0,0,1,1,1,1,1
1071,1,train_small,0,1,0,0,0,1,1,1,1,1
1078,1,test,0,0,1,0,0,1,1,1,1,1
1086,1,train_small,0,1,0,0,0,1,1,1,1,1
1087,1,train,1,0,0,0,0,1,1,1,1,1
1088,1,train_small,0,1,0,0,0,1,1,1,1,1
1097,1,train,1,0,0,0,0,1,1,1,1,1
1099,1,train_small,0,1,0,0,0,1,1,1,1,1
1107,1,test,0,0,1,0,0,1,1,1,1,1
1131,1,train_small,0,1,0,0,0,1,1,1,1,1
1146,1,train,1,0,0,0,0,1,1,1,1,1
1147,1,train,1,0,0,0,0,1,1,1,1,1
1150,1,train,1,0,0,0,0,1,1,1,1,1
1152,1,train,1,0,0,0,0,1,1,1,1,1
1153,1,test,0,0,1,0,0,1,1,1,1,1
1165,1,train_small,0,1,0,0,0,1,1,1,1,1
1169,1,train_small,0,1,0,0,0,1,1,1,1,1
1183,1,train_small,0,1,0,0,0,1,1,1,1,1
1187,1,train,1,0,0,0,0,1,1,1,1,1
1204,1,train,1,0,0,0,0,1,1,1,1,1
1208,1,train,1,0,0,0,0,1,1,1,1,1
1210,1,train,1,0,0,0,0,1,1,1,1,1
1213,1,train,1,0,0,0,0,1,1,1,1,1
1239,1,train,1,0,0,0,0,1,1,1,1,1
1256,1,train_small,0,1,0,0,0,1,1,1,1,1
1259,1,train,1,0,0,0,0,1,1,1,1,1
1260,1,train_small,0,1,0,0,0,1,1,1,1,1
1276,1,train,1,0,0,0,0,1,1,1,1,1
1300,1,train_small,0,1,0,0,0,1,1,1,1,1
1328,1,train_small,0,1,0,0,0,1,1,1,1,1
1332,1,train,1,0,0,0,0,1,1,1,1,1
1347,1,train,1,0,0,0,0,1,1,1,1,1
1351,1,train_small,0,1,0,0,0,1,1,1,1,1
1352,1,train_small,0,1,0,0,0,1,1,1,1,1
1361,1,train_small,0,1,0,0,0,1,1,1,1,1
1380,1,train,1,0,0,0,0,1,1,1,1,1
1385,1,train,1,0,0,0,0,1,1,1,1,1
1390,1,train_small,0,1,0,0,0,1,1,1,1,1
1401,1,train,1,0,0,0,0,1,1,1,1,1
1413,1,train_small,0,1,0,0,0,1,1,1,1,1
1417,1,train_small,0,1,0,0,0,1,1,1,1,1
1418,1,train_small,0,1,0,0,0,1,1,1,1,1
1422,1,train,1,0,0,0,0,1,1,1,1,1
1425,1,train,1,0,0,0,0,1,1,1,1,1
1428,1,train_small,0,1,0,0,0,1,1,1,1,1
1434,1,train,1,0,0,0,0,1,1,1,1,1
1451,1,train,1,0,0,0,0,1,1,1,1,1
1475,1,train_small,0,1,0,0,0,1,1,1,1,1
1476,1,train,1,0,0,0,0,1,1,1,1,1
1477,1,train,1,0,0,0,0,1,1,1,1,1
1495,1,test,0,0,1,0,0,1,1,1,1,1
1498,1,train,1,0,0,0,0,1,1,1,1,1
1507,1,train_small,0,1,0,0,0,1,1,1,1,1
1508,1,test,0,0,1,0,0,1,1,1,1,1
1516,1,test,0,0,1,0,0,1,1,1,1,1
1527,1,test,0,0,1,0,0,1,1,1,1,1
1543,1,train,1,0,0,0,0,1,1,1,1,1
1546,1,train,1,0,0,0,0,1,1,1,1,1
1559,1,train_small,0,1,0,0,0,1,1,1,1,1
1575,1,train,1,0,0,0,0,1,1,1,1,1
1576,1,train,1,0,0,0,0,1,1,1,1,1
1577,1,train_small,0,1,0,0,0,1,1,1,1,1
1584,1,train,1,0,0,0,0,1,1,1,1,1
1599,1,train,1,0,0,0,0,1,1,1,1,1
1600,1,test,0,0,1,0,0,1,1,1,1,1
1603,1,train,1,0,0,0,0,1,1,1,1,1
1605,1,train,1,0,0,0,0,1,1,1,1,1
1612,1,train_small,0,1,0,0,0,1,1,1,1,1
1614,1,train_small,0,1,0,0,0,1,1,1,1,1
1616,1,train,1,0,0,0,0,1,1,1,1,1
1618,1,train,1,0,0,0,0,1,1,1,1,1
1624,1,train,1,0,0,0,0,1,1,1,1,1
1633,1,train,1,0,0,0,0,1,1,1,1,1
1695,1,train,1,0,0,0,0,1,1,1,1,1
1697,1,train,1,0,0,0,0,1,1,1,1,1
1707,1,train,1,0,0,0,0,1,1,1,1,1
1709,1,train,1,0,0,0,0,1,1,1,1,1
1713,1,train,1,0,0,0,0,1,1,1,1,1
1714,1,train_small,0,1,0,0,0,1,1,1,1,1
1720,1,train,1,0,0,0,0,1,1,1,1,1
1722,1,train,1,0,0,0,0,1,1,1,1,1
1724,1,train,1,0,0,0,0,1,1,1,1,1
1729,1,test,0,0,1,0,0,1,1,1,1,1
1731,1,train,1,0,0,0,0,1,1,1,1,1
1734,1,train,1,0,0,0,0,1,1,1,1,1
1735,1,train_small,0,1,0,0,0,1,1,1,1,1
1739,1,train,1,0,0,0,0,1,1,1,1,1
1741,1,train,1,0,0,0,0,1,1,1,1,1
1793,1,part,0,0,0,1,0,1,1,1,1,1
1794,1,part,0,0,0,1,0,1,1,1,1,1
1796,1,part,0,0,0,1,0,1,1,1,1,1
1797,1,part,0,0,0,1,0,1,1,1,1,1
1799,1,part,0,0,0,1,0,1,1,1,1,1
1802,1,part,0,0,0,1,0,1,1,1,1,1
1817,1,part,0,0,0,1,0,1,1,1,1,1
1840,1,part,0,0,0,1,0,1,1,1,1,1
1850,1,part,0,0,0,1,0,1,1,1,1,1
1868,1,part,0,0,0,1,0,1,1,1,1,1
1881,1,part,0,0,0,1,0,1,1,1,1,1
1908,1,part,0,0,0,1,0,1,1,1,1,1
1924,1,part,0,0,0,1,0,1,1,1,1,1
1925,1,part,0,0,0,1,0,1,1,1,1,1
1929,1,part,0,0,0,1,0,1,1,1,1,1
1946,1,part,0,0,0,1,0,1,1,1,1,1
1955,1,part,0,0,0,1,0,1,1,1,1,1
1964,1,part,0,0,0,1,0,1,1,1,1,1
1968,1,part,0,0,0,1,0,1,1,1,1,1
1971,1,part,0,0,0,1,0,1,1,1,1,1
1973,1,part,0,0,0,1,0,1,1,1,1,1
1975,1,part,0,0,0,1,0,1,1,1,1,1
1979,1,part,0,0,0,1,0,1,1,1,1,1
1981,1,part,0,0,0,1,0,1,1,1,1,1
1982,1,part,0,0,0,1,0,1,1,1,1,1
1983,1,part,0,0,0,1,0,1,1,1,1,1
1984,1,part,0,0,0,1,0,1,1,1,1,1
1985,1,part,0,0,0,1,0,1,1,1,1,1
2039,1,part,0,0,0,1,0,1,1,1,1,1
2044,1,part,0,0,0,1,0,1,1,1,1,1
2047,1,part,0,0,0,1,0,1,1,1,1,1
2049,1,part,0,0,0,1,0,1,1,1,1,1
2059,1,part,0,0,0,1,0,1,1,1,1,1
2067,1,part,0,0,0,1,0,1,1,1,1,1
2070,1,part,0,0,0,1,0,1,1,1,1,1
2072,1,part,0,0,0,1,0,1,1,1,1,1
2075,1,part,0,0,0,1,0,1,1,1,1,1
2077,1,part,0,0,0,1,0,1,1,1,1,1
2079,1,part,0,0,0,1,0,1,1,1,1,1
2080,1,part,0,0,0,1,0,1,1,1,1,1
2081,1,part,0,0,0,1,0,1,1,1,1,1
2082,1,part,0,0,0,1,0,1,1,1,1,1
2083,1,part,0,0,0,1,0,1,1,1,1,1
2084,1,part,0,0,0,1,0,1,1,1,1,1
2096,1,part,0,0,0,1,0,1,1,1,1,1
2098,1,part,0,0,0,1,0,1,1,1,1,1
2100,1,part,0,0,0,1,0,1,1,1,1,1
2101,1,part,0,0,0,1,0,1,1,1,1,1
2102,1,part,0,0,0,1,0,1,1,1,1,1
2114,1,part,0,0,0,1,0,1,1,1,1,1
2116,1,part,0,0,0,1,0,1,1,1,1,1
2126,1,part,0,0,0,1,0,1,1,1,1,1
2132,1,part,0,0,0,1,0,1,1,1,1,1
2149,1,part,0,0,0,1,0,1,1,1,1,1
2178,1,part,0,0,0,1,0,1,1,1,1,1
2184,1,part,0,0,0,1,0,1,1,1,1,1
2186,1,part,0,0,0,1,0,1,1,1,1,1
2225,1,part,0,0,0,1,0,1,1,1,1,1
2226,1,part,0,0,0,1,0,1,1,1,1,1
2228,1,part,0,0,0,1,0,1,1,1,1,1
2234,1,part,0,0,0,1,0,1,1,1,1,1
2235,1,part,0,0,0,1,0,1,1,1,1,1
2239,1,part,0,0,0,1,0,1,1,1,1,1
2240,1,part,0,0,0,1,0,1,1,1,1,1
2241,1,part,0,0,0,1,0,1,1,1,1,1
2244,1,part,0,0,0,1,0,1,1,1,1,1
2245,1,part,0,0,0,1,0,1,1,1,1,1
2247,1,part,0,0,0,1,0,1,1,1,1,1
8,2,train,2,0,0,0,0,0,0,1,1,1
67,2,train,2,0,0,0,0,0,0,1,1,1
94,2,train,2,0,0,0,0,0,0,1,1,1
232,2,train,2,0,0,0,0,0,0,1,1,1
313,2,train,2,0,0,0,0,0,0,1,1,1
1010,2,test,0,0,2,0,0,0,0,1,1,1
1017,2,train,2,0,0,0,0,0,0,1,1,1
1053,2,test,0,0,2,0,0,0,0,1,1,1
1054,2,train,2,0,0,0,0,0,0,1,1,1
1056,2,train,2,0,0,0,0,0,0,1,1,1
1070,2,train,2,0,0,0,0,0,0,1,1,1
1072,2,train|train_small,1,1,0,0,0,0,0,1,1,1
1077,2,train|train_small,1,1,0,0,0,0,0,1,1,1
1079,2,train,2,0,0,0,0,0,0,1,1,1
1080,2,train,2,0,0,0,0,0,0,1,1,1
1081,2,train|train_small,1,1,0,0,0,0,0,1,1,1
1085,2,train,2,0,0,0,0,0,0,1,1,1
1089,2,train|train_small,1,1,0,0,0,0,0,1,1,1
1092,2,test,0,0,2,0,0,0,0,1,1,1
1093,2,train_small,0,2,0,0,0,0,0,1,1,1
1100,2,train_small,0,2,0,0,0,0,0,1,1,1
1101,2,train_small,0,2,0,0,0,0,0,1,1,1
1103,2,train,2,0,0,0,0,0,0,1,1,1
1104,2,train_small,0,2,0,0,0,0,0,1,1,1
1105,2,train_small,0,2,0,0,0,0,0,1,1,1
1108,2,train_small,0,2,0,0,0,0,0,1,1,1
1123,2,test,0,0,2,0,0,0,0,1,1,1
1137,2,test,0,0,2,0,0,0,0,1,1,1
1145,2,train|train_small,1,1,0,0,0,0,0,1,1,1
1159,2,test,0,0,2,0,0,0,0,1,1,1
1161,2,train,2,0,0,0,0,0,0,1,1,1
1164,2,train,2,0,0,0,0,0,0,1,1,1
1170,2,train,2,0,0,0,0,0,0,1,1,1
1177,2,train|train_small,1,1,0,0,0,0,0,1,1,1
1192,2,train|train_small,1,1,0,0,0,0,0,1,1,1
1194,2,train,2,0,0,0,0,0,0,1,1,1
1218,2,train|train_small,1,1,0,0,0,0,0,1,1,1
1233,2,train|train_small,1,1,0,0,0,0,0,1,1,1
1234,2,train,2,0,0,0,0,0,0,1,1,1
1235,2,train,2,0,0,0,0,0,0,1,1,1
1237,2,train,2,0,0,0,0,0,0,1,1,1
1240,2,train|train_small,1,1,0,0,0,0,0,1,1,1
1241,2,train|train_small,1,1,0,0,0,0,0,1,1,1
1250,2,train,2,0,0,0,0,0,0,1,1,1
1297,2,train,2,0,0,0,0,0,0,1,1,1
1316,2,train,2,0,0,0,0,0,0,1,1,1
1324,2,train|train_small,1,1,0,0,0,0,0,1,1,1
1326,2,train,2,0,0,0,0,0,0,1,1,1
1330,2,train|train_small,1,1,0,0,0,0,0,1,1,1
1335,2,train|train_small,1,1,0,0,0,0,0,1,1,1
1374,2,train|train_small,1,1,0,0,0,0,0,1,1,1
1381,2,train|train_small,1,1,0,0,0,0,0,1,1,1
1383,2,train,2,0,0,0,0,0,0,1,1,1
1402,2,train,2,0,0,0,0,0,0,1,1,1
1403,2,train|train_small,1,1,0,0,0,0,0,1,1,1
1427,2,train|train_small,1,1,0,0,0,0,0,1,1,1
1430,2,train,2,0,0,0,0,0,0,1,1,1
1443,2,train|train_small,1,1,0,0,0,0,0,1,1,1
1458,2,train,2,0,0,0,0,0,0,1,1,1
1464,2,train|train_small,1,1,0,0,0,0,0,1,1,1
1467,2,train,2,0,0,0,0,0,0,1,1,1
1468,2,train,2,0,0,0,0,0,0,1,1,1
1499,2,train,2,0,0,0,0,0,0,1,1,1
1512,2,train,2,0,0,0,0,0,0,1,1,1
1517,2,train,2,0,0,0,0,0,0,1,1,1
1518,2,test,0,0,2,0,0,0,0,1,1,1
1524,2,train,2,0,0,0,0,0,0,1,1,1
1526,2,train|train_small,1,1,0,0,0,0,0,1,1,1
1563,2,train|train_small,1,1,0,0,0,0,0,1,1,1
1565,2,train|train_small,1,1,0,0,0,0,0,1,1,1
1572,2,train,2,0,0,0,0,0,0,1,1,1
1585,2,train,2,0,0,0,0,0,0,1,1,1
1586,2,train|train_small,1,1,0,0,0,0,0,1,1,1
1590,2,train,2,0,0,0,0,0,0,1,1,1
1693,2,test,0,0,2,0,0,0,0,1,1,1
1702,2,train,2,0,0,0,0,0,0,1,1,1
1704,2,train,2,0,0,0,0,0,0,1,1,1
1705,2,train,2,0,0,0,0,0,0,1,1,1
1730,2,train|train_small,1,1,0,0,0,0,0,1,1,1
1732,2,train|train_small,1,1,0,0,0,0,0,1,1,1
1736,2,train|train_small,1,1,0,0,0,0,0,1,1,1
1740,2,train,2,0,0,0,0,0,0,1,1,1
1792,2,part,0,0,0,2,0,0,0,1,1,1
1800,2,part,0,0,0,2,0,0,0,1,1,1
1815,2,part,0,0,0,2,0,0,0,1,1,1
1833,2,part,0,0,0,2,0,0,0,1,1,1
1836,2,part,0,0,0,2,0,0,0,1,1,1
1848,2,part,0,0,0,2,0,0,0,1,1,1
1849,2,part,0,0,0,2,0,0,0,1,1,1
1853,2,part,0,0,0,2,0,0,0,1,1,1
1861,2,part,0,0,0,2,0,0,0,1,1,1
1865,2,part,0,0,0,2,0,0,0,1,1,1
1866,2,part,0,0,0,2,0,0,0,1,1,1
1874,2,part,0,0,0,2,0,0,0,1,1,1
1887,2,part,0,0,0,2,0,0,0,1,1,1
1891,2,part,0,0,0,2,0,0,0,1,1,1
1893,2,part,0,0,0,2,0,0,0,1,1,1
1899,2,part,0,0,0,2,0,0,0,1,1,1
1905,2,part,0,0,0,2,0,0,0,1,1,1
1921,2,part,0,0,0,2,0,0,0,1,1,1
1922,2,part,0,0,0,2,0,0,0,1,1,1
1923,2,part,0,0,0,2,0,0,0,1,1,1
1931,2,part,0,0,0,2,0,0,0,1,1,1
1935,2,part,0,0,0,2,0,0,0,1,1,1
1937,2,part,0,0,0,2,0,0,0,1,1,1
1944,2,part,0,0,0,2,0,0,0,1,1,1
1947,2,part,0,0,0,2,0,0,0,1,1,1
1952,2,part,0,0,0,2,0,0,0,1,1,1
1953,2,part,0,0,0,2,0,0,0,1,1,1
1956,2,part,0,0,0,2,0,0,0,1,1,1
1960,2,part,0,0,0,2,0,0,0,1,1,1
1976,2,part,0,0,0,2,0,0,0,1,1,1
1978,2,part,0,0,0,2,0,0,0,1,1,1
2017,2,part,0,0,0,2,0,0,0,1,1,1
2019,2,part,0,0,0,2,0,0,0,1,1,1
2022,2,part,0,0,0,2,0,0,0,1,1,1
2054,2,part,0,0,0,2,0,0,0,1,1,1
2073,2,part,0,0,0,2,0,0,0,1,1,1
2078,2,part,0,0,0,2,0,0,0,1,1,1
2086,2,part,0,0,0,2,0,0,0,1,1,1
2087,2,part,0,0,0,2,0,0,0,1,1,1
2088,2,part,0,0,0,2,0,0,0,1,1,1
2090,2,part,0,0,0,2,0,0,0,1,1,1
2092,2,part,0,0,0,2,0,0,0,1,1,1
2112,2,part,0,0,0,2,0,0,0,1,1,1
2117,2,part,0,0,0,2,0,0,0,1,1,1
2130,2,part,0,0,0,2,0,0,0,1,1,1
2141,2,part,0,0,0,2,0,0,0,1,1,1
2160,2,part,0,0,0,2,0,0,0,1,1,1
2169,2,part,0,0,0,2,0,0,0,1,1,1
2193,2,part,0,0,0,2,0,0,0,1,1,1
2205,2,part,0,0,0,2,0,0,0,1,1,1
2211,2,part,0,0,0,2,0,0,0,1,1,1
2216,2,part,0,0,0,2,0,0,0,1,1,1
2227,2,part,0,0,0,2,0,0,0,1,1,1
2238,2,part,0,0,0,2,0,0,0,1,1,1
2243,2,part,0,0,0,2,0,0,0,1,1,1
2246,2,part,0,0,0,2,0,0,0,1,1,1
2248,2,part,0,0,0,2,0,0,0,1,1,1
2263,2,part,0,0,0,2,0,0,0,1,1,1
52,3,train,3,0,0,0,0,0,0,0,1,1
73,3,train,3,0,0,0,0,0,0,0,1,1
207,3,train,3,0,0,0,0,0,0,0,1,1
214,3,train,3,0,0,0,0,0,0,0,1,1
291,3,train,3,0,0,0,0,0,0,0,1,1
360,3,train,3,0,0,0,0,0,0,0,1,1
368,3,train,3,0,0,0,0,0,0,0,1,1
403,3,train,3,0,0,0,0,0,0,0,1,1
406,3,train,3,0,0,0,0,0,0,0,1,1
1011,3,train|train_small,2,1,0,0,0,0,0,0,1,1
1014,3,train_small,0,3,0,0,0,0,0,0,1,1
1048,3,test,0,0,3,0,0,0,0,0,1,1
1050,3,train,3,0,0,0,0,0,0,0,1,1
1121,3,train_small,0,3,0,0,0,0,0,0,1,1
1124,3,train|train_small,2,1,0,0,0,0,0,0,1,1
1125,3,train|train_small,2,1,0,0,0,0,0,0,1,1
1130,3,train_small,0,3,0,0,0,0,0,0,1,1
1141,3,train|train_small,1,2,0,0,0,0,0,0,1,1
1149,3,train|train_small,2,1,0,0,0,0,0,0,1,1
1163,3,train,3,0,0,0,0,0,0,0,1,1
1166,3,train|train_small,1,2,0,0,0,0,0,0,1,1
1197,3,train|train_small,2,1,0,0,0,0,0,0,1,1
1203,3,train,3,0,0,0,0,0,0,0,1,1
1221,3,train,3,0,0,0,0,0,0,0,1,1
1229,3,train,3,0,0,0,0,0,0,0,1,1
1244,3,train,3,0,0,0,0,0,0,0,1,1
1245,3,train,3,0,0,0,0,0,0,0,1,1
1247,3,train,3,0,0,0,0,0,0,0,1,1
1248,3,train,3,0,0,0,0,0,0,0,1,1
1266,3,train|train_small,1,2,0,0,0,0,0,0,1,1
1267,3,train|train_small,1,2,0,0,0,0,0,0,1,1
1269,3,train|train_small,2,1,0,0,0,0,0,0,1,1
1272,3,train|train_small,1,2,0,0,0,0,0,0,1,1
1273,3,test,0,0,3,0,0,0,0,0,1,1
1302,3,train|train_small,2,1,0,0,0,0,0,0,1,1
1319,3,train_small,0,3,0,0,0,0,0,0,1,1
1334,3,train|train_small,1,2,0,0,0,0,0,0,1,1
1337,3,train,3,0,0,0,0,0,0,0,1,1
1338,3,train_small,0,3,0,0,0,0,0,0,1,1
1344,3,train|train_small,1,2,0,0,0,0,0,0,1,1
1345,3,train|train_small,1,2,0,0,0,0,0,0,1,1
1350,3,train,3,0,0,0,0,0,0,0,1,1
1398,3,train|train_small,1,2,0,0,0,0,0,0,1,1
1407,3,train|train_small,2,1,0,0,0,0,0,0,1,1
1442,3,train|train_small,1,2,0,0,0,0,0,0,1,1
1453,3,train|train_small,1,2,0,0,0,0,0,0,1,1
1461,3,train,3,0,0,0,0,0,0,0,1,1
1472,3,train,3,0,0,0,0,0,0,0,1,1
1484,3,train|train_small,2,1,0,0,0,0,0,0,1,1
1485,3,train|train_small,1,2,0,0,0,0,0,0,1,1
1489,3,test,0,0,3,0,0,0,0,0,1,1
1490,3,train|train_small,1,2,0,0,0,0,0,0,1,1
1502,3,train,3,0,0,0,0,0,0,0,1,1
1505,3,test,0,0,3,0,0,0,0,0,1,1
1513,3,train|train_small,2,1,0,0,0,0,0,0,1,1
1515,3,train|train_small,1,2,0,0,0,0,0,0,1,1
1519,3,train|train_small,2,1,0,0,0,0,0,0,1,1
1573,3,train|train_small,1,2,0,0,0,0,0,0,1,1
1601,3,train,3,0,0,0,0,0,0,0,1,1
1610,3,train|train_small,2,1,0,0,0,0,0,0,1,1
1619,3,train,3,0,0,0,0,0,0,0,1,1
1630,3,train|train_small,2,1,0,0,0,0,0,0,1,1
1646,3,train,3,0,0,0,0,0,0,0,1,1
1647,3,train|train_small,1,2,0,0,0,0,0,0,1,1
1652,3,train,3,0,0,0,0,0,0,0,1,1
1653,3,train|train_small,2,1,0,0,0,0,0,0,1,1
1701,3,test,0,0,3,0,0,0,0,0,1,1
1712,3,train|train_small,2,1,0,0,0,0,0,0,1,1
1737,3,train|train_small,2,1,0,0,0,0,0,0,1,1
1801,3,part,0,0,0,3,0,0,0,0,1,1
1816,3,part,0,0,0,3,0,0,0,0,1,1
1823,3,part,0,0,0,3,0,0,0,0,1,1
1843,3,part,0,0,0,3,0,0,0,0,1,1
1846,3,part,0,0,0,3,0,0,0,0,1,1
1886,3,part,0,0,0,3,0,0,0,0,1,1
1892,3,part,0,0,0,3,0,0,0,0,1,1
1894,3,part,0,0,0,3,0,0,0,0,1,1
1913,3,part,0,0,0,3,0,0,0,0,1,1
1920,3,part,0,0,0,3,0,0,0,0,1,1
1927,3,part,0,0,0,3,0,0,0,0,1,1
1943,3,part,0,0,0,3,0,0,0,0,1,1
1959,3,part,0,0,0,3,0,0,0,0,1,1
1963,3,part,0,0,0,3,0,0,0,0,1,1
1967,3,part,0,0,0,3,0,0,0,0,1,1
1972,3,part,0,0,0,3,0,0,0,0,1,1
1977,3,part,0,0,0,3,0,0,0,0,1,1
1991,3,part,0,0,0,3,0,0,0,0,1,1
2001,3,part,0,0,0,3,0,0,0,0,1,1
2018,3,part,0,0,0,3,0,0,0,0,1,1
2040,3,part,0,0,0,3,0,0,0,0,1,1
2106,3,part,0,0,0,3,0,0,0,0,1,1
2107,3,part,0,0,0,3,0,0,0,0,1,1
2121,3,part,0,0,0,3,0,0,0,0,1,1
2129,3,part,0,0,0,3,0,0,0,0,1,1
2182,3,part,0,0,0,3,0,0,0,0,1,1
2187,3,part,0,0,0,3,0,0,0,0,1,1
2198,3,part,0,0,0,3,0,0,0,0,1,1
2229,3,part,0,0,0,3,0,0,0,0,1,1
2231,3,part,0,0,0,3,0,0,0,0,1,1
2242,3,part,0,0,0,3,0,0,0,0,1,1
2258,3,part,0,0,0,3,0,0,0,0,1,1
2270,3,part,0,0,0,3,0,0,0,0,1,1
19,4,train,4,0,0,0,0,0,0,0,1,1
97,4,train,4,0,0,0,0,0,0,0,1,1
142,4,train,4,0,0,0,0,0,0,0,1,1
285,4,train,4,0,0,0,0,0,0,0,1,1
301,4,train,4,0,0,0,0,0,0,0,1,1
364,4,train,4,0,0,0,0,0,0,0,1,1
382,4,train,4,0,0,0,0,0,0,0,1,1
411,4,train,4,0,0,0,0,0,0,0,1,1
1055,4,train|train_small,3,1,0,0,0,0,0,0,1,1
1067,4,train,4,0,0,0,0,0,0,0,1,1
1098,4,train_small,0,4,0,0,0,0,0,0,1,1
1122,4,train_small,0,4,0,0,0,0,0,0,1,1
1129,4,test,0,0,4,0,0,0,0,0,1,1
1139,4,train,4,0,0,0,0,0,0,0,1,1
1142,4,train|train_small,2,2,0,0,0,0,0,0,1,1
1143,4,train|train_small,1,3,0,0,0,0,0,0,1,1
1154,4,train|train_small,3,1,0,0,0,0,0,0,1,1
1191,4,train,4,0,0,0,0,0,0,0,1,1
1207,4,train|train_small,3,1,0,0,0,0,0,0,1,1
1223,4,train,4,0,0,0,0,0,0,0,1,1
1262,4,train|train_small,1,3,0,0,0,0,0,0,1,1
1265,4,train,4,0,0,0,0,0,0,0,1,1
1275,4,train|train_small,3,1,0,0,0,0,0,0,1,1
1280,4,train,4,0,0,0,0,0,0,0,1,1
1293,4,train|train_small,2,2,0,0,0,0,0,0,1,1
1296,4,train|train_small,1,3,0,0,0,0,0,0,1,1
1323,4,train|train_small,2,2,0,0,0,0,0,0,1,1
1327,4,train|train_small,2,2,0,0,0,0,0,0,1,1
1329,4,train|train_small,2,2,0,0,0,0,0,0,1,1
1349,4,train,4,0,0,0,0,0,0,0,1,1
1353,4,train|train_small,3,1,0,0,0,0,0,0,1,1
1375,4,train,4,0,0,0,0,0,0,0,1,1
1384,4,train,4,0,0,0,0,0,0,0,1,1
1416,4,train|train_small,2,2,0,0,0,0,0,0,1,1
1440,4,train|train_small,1,3,0,0,0,0,0,0,1,1
1460,4,train|train_small,2,2,0,0,0,0,0,0,1,1
1482,4,test,0,0,4,0,0,0,0,0,1,1
1503,4,train,4,0,0,0,0,0,0,0,1,1
1510,4,train|train_small,2,2,0,0,0,0,0,0,1,1
1544,4,train,4,0,0,0,0,0,0,0,1,1
1551,4,train,4,0,0,0,0,0,0,0,1,1
1557,4,train,4,0,0,0,0,0,0,0,1,1
1567,4,train,4,0,0,0,0,0,0,0,1,1
1583,4,train|train_small,3,1,0,0,0,0,0,0,1,1
1595,4,train|train_small,1,3,0,0,0,0,0,0,1,1
1597,4,train|train_small,3,1,0,0,0,0,0,0,1,1
1611,4,train,4,0,0,0,0,0,0,0,1,1
1803,4,part,0,0,0,4,0,0,0,0,1,1
1824,4,part,0,0,0,4,0,0,0,0,1,1
1837,4,part,0,0,0,4,0,0,0,0,1,1
1838,4,part,0,0,0,4,0,0,0,0,1,1
1851,4,part,0,0,0,4,0,0,0,0,1,1
1860,4,part,0,0,0,4,0,0,0,0,1,1
1878,4,part,0,0,0,4,0,0,0,0,1,1
1883,4,part,0,0,0,4,0,0,0,0,1,1
1885,4,part,0,0,0,4,0,0,0,0,1,1
1888,4,part,0,0,0,4,0,0,0,0,1,1
1897,4,part,0,0,0,4,0,0,0,0,1,1
1900,4,part,0,0,0,4,0,0,0,0,1,1
1902,4,part,0,0,0,4,0,0,0,0,1,1
1904,4,part,0,0,0,4,0,0,0,0,1,1
1911,4,part,0,0,0,4,0,0,0,0,1,1
1932,4,part,0,0,0,4,0,0,0,0,1,1
1966,4,part,0,0,0,4,0,0,0,0,1,1
1992,4,part,0,0,0,4,0,0,0,0,1,1
2013,4,part,0,0,0,4,0,0,0,0,1,1
2046,4,part,0,0,0,4,0,0,0,0,1,1
2055,4,part,0,0,0,4,0,0,0,0,1,1
2074,4,part,0,0,0,4,0,0,0,0,1,1
2103,4,part,0,0,0,4,0,0,0,0,1,1
2120,4,part,0,0,0,4,0,0,0,0,1,1
2124,4,part,0,0,0,4,0,0,0,0,1,1
2133,4,part,0,0,0,4,0,0,0,0,1,1
2134,4,part,0,0,0,4,0,0,0,0,1,1
2142,4,part,0,0,0,4,0,0,0,0,1,1
2166,4,part,0,0,0,4,0,0,0,0,1,1
2175,4,part,0,0,0,4,0,0,0,0,1,1
2183,4,part,0,0,0,4,0,0,0,0,1,1
2185,4,part,0,0,0,4,0,0,0,0,1,1
2208,4,part,0,0,0,4,0,0,0,0,1,1
2209,4,part,0,0,0,4,0,0,0,0,1,1
2215,4,part,0,0,0,4,0,0,0,0,1,1
2257,4,part,0,0,0,4,0,0,0,0,1,1
2275,4,part,0,0,0,4,0,0,0,0,1,1
2284,4,part,0,0,0,4,0,0,0,0,1,1
14,5,train,5,0,0,0,0,0,0,0,0,1
17,5,train,5,0,0,0,0,0,0,0,0,1
80,5,train,5,0,0,0,0,0,0,0,0,1
166,5,train,5,0,0,0,0,0,0,0,0,1
195,5,train,5,0,0,0,0,0,0,0,0,1
322,5,train,5,0,0,0,0,0,0,0,0,1
380,5,train,5,0,0,0,0,0,0,0,0,1
1018,5,train|train_small,3,2,0,0,0,0,0,0,0,1
1022,5,train|train_small,3,2,0,0,0,0,0,0,0,1
1026,5,train|train_small,3,2,0,0,0,0,0,0,0,1
1049,5,train,5,0,0,0,0,0,0,0,0,1
1052,5,train|train_small,4,1,0,0,0,0,0,0,0,1
1095,5,train|train_small,3,2,0,0,0,0,0,0,0,1
1156,5,train|train_small,3,2,0,0,0,0,0,0,0,1
1175,5,test,0,0,5,0,0,0,0,0,0,1
1178,5,train|train_small,4,1,0,0,0,0,0,0,0,1
1181,5,train,5,0,0,0,0,0,0,0,0,1
1182,5,train|train_small,2,3,0,0,0,0,0,0,0,1
1209,5,train|train_small,1,4,0,0,0,0,0,0,0,1
1227,5,test,0,0,5,0,0,0,0,0,0,1
1268,5,train|train_small,3,2,0,0,0,0,0,0,0,1
1306,5,train|train_small,2,3,0,0,0,0,0,0,0,1
1346,5,train|train_small,4,1,0,0,0,0,0,0,0,1
1386,5,train|train_small,3,2,0,0,0,0,0,0,0,1
1454,5,train|train_small,2,3,0,0,0,0,0,0,0,1
1504,5,train|train_small,4,1,0,0,0,0,0,0,0,1
1537,5,train,5,0,0,0,0,0,0,0,0,1
1538,5,train,5,0,0,0,0,0,0,0,0,1
1545,5,train|train_small,3,2,0,0,0,0,0,0,0,1
1560,5,train|train_small,3,2,0,0,0,0,0,0,0,1
1580,5,train|train_small,2,3,0,0,0,0,0,0,0,1
1604,5,train|train_small,3,2,0,0,0,0,0,0,0,1
1663,5,train_small,0,5,0,0,0,0,0,0,0,1
1703,5,train|train_small,3,2,0,0,0,0,0,0,0,1
1809,5,part,0,0,0,5,0,0,0,0,0,1
1818,5,part,0,0,0,5,0,0,0,0,0,1
1825,5,part,0,0,0,5,0,0,0,0,0,1
1863,5,part,0,0,0,5,0,0,0,0,0,1
1889,5,part,0,0,0,5,0,0,0,0,0,1
1898,5,part,0,0,0,5,0,0,0,0,0,1
1910,5,part,0,0,0,5,0,0,0,0,0,1
2002,5,part,0,0,0,5,0,0,0,0,0,1
2006,5,part,0,0,0,5,0,0,0,0,0,1
2010,5,part,0,0,0,5,0,0,0,0,0,1
2031,5,part,0,0,0,5,0,0,0,0,0,1
2032,5,part,0,0,0,5,0,0,0,0,0,1
2038,5,part,0,0,0,5,0,0,0,0,0,1
2053,5,part,0,0,0,5,0,0,0,0,0,1
2062,5,part,0,0,0,5,0,0,0,0,0,1
2111,5,part,0,0,0,5,0,0,0,0,0,1
2118,5,part,0,0,0,5,0,0,0,0,0,1
2119,5,part,0,0,0,5,0,0,0,0,0,1
2122,5,part,0,0,0,5,0,0,0,0,0,1
2139,5,part,0,0,0,5,0,0,0,0,0,1
2163,5,part,0,0,0,5,0,0,0,0,0,1
2167,5,part,0,0,0,5,0,0,0,0,0,1
2171,5,part,0,0,0,5,0,0,0,0,0,1
2196,5,part,0,0,0,5,0,0,0,0,0,1
2202,5,part,0,0,0,5,0,0,0,0,0,1
2204,5,part,0,0,0,5,0,0,0,0,0,1
2213,5,part,0,0,0,5,0,0,0,0,0,1
2262,5,part,0,0,0,5,0,0,0,0,0,1
160,6,train,6,0,0,0,0,0,0,0,0,1
266,6,train,6,0,0,0,0,0,0,0,0,1
352,6,train,6,0,0,0,0,0,0,0,0,1
412,6,train,6,0,0,0,0,0,0,0,0,1
1144,6,train,6,0,0,0,0,0,0,0,0,1
1185,6,train,6,0,0,0,0,0,0,0,0,1
1202,6,train|train_small,2,4,0,0,0,0,0,0,0,1
1253,6,train|train_small,4,2,0,0,0,0,0,0,0,1
1255,6,train|train_small,3,3,0,0,0,0,0,0,0,1
1258,6,train,6,0,0,0,0,0,0,0,0,1
1311,6,train,6,0,0,0,0,0,0,0,0,1
1343,6,train|train_small,2,4,0,0,0,0,0,0,0,1
1348,6,train|train_small,3,3,0,0,0,0,0,0,0,1
1433,6,train|train_small,1,5,0,0,0,0,0,0,0,1
1520,6,test,0,0,6,0,0,0,0,0,0,1
1536,6,train,6,0,0,0,0,0,0,0,0,1
1566,6,train|train_small,2,4,0,0,0,0,0,0,0,1
1582,6,train|train_small,3,3,0,0,0,0,0,0,0,1
1651,6,train|train_small,3,3,0,0,0,0,0,0,0,1
1711,6,train|train_small,2,4,0,0,0,0,0,0,0,1
1719,6,train|train_small,1,5,0,0,0,0,0,0,0,1
1826,6,part,0,0,0,6,0,0,0,0,0,1
1839,6,part,0,0,0,6,0,0,0,0,0,1
1845,6,part,0,0,0,6,0,0,0,0,0,1
1855,6,part,0,0,0,6,0,0,0,0,0,1
1896,6,part,0,0,0,6,0,0,0,0,0,1
1950,6,part,0,0,0,6,0,0,0,0,0,1
2000,6,part,0,0,0,6,0,0,0,0,0,1
2057,6,part,0,0,0,6,0,0,0,0,0,1
2108,6,part,0,0,0,6,0,0,0,0,0,1
2148,6,part,0,0,0,6,0,0,0,0,0,1
2153,6,part,0,0,0,6,0,0,0,0,0,1
4,7,train,7,0,0,0,0,0,0,0,0,1
119,7,train,7,0,0,0,0,0,0,0,0,1
152,7,train,7,0,0,0,0,0,0,0,0,1
209,7,train,7,0,0,0,0,0,0,0,0,1
211,7,train,7,0,0,0,0,0,0,0,0,1
244,7,train,7,0,0,0,0,0,0,0,0,1
260,7,train,7,0,0,0,0,0,0,0,0,1
1051,7,train|train_small,3,4,0,0,0,0,0,0,0,1
1094,7,test,0,0,7,0,0,0,0,0,0,1
1096,7,train|train_small,4,3,0,0,0,0,0,0,0,1
1119,7,train_small,0,7,0,0,0,0,0,0,0,1
1127,7,train_small,0,7,0,0,0,0,0,0,0,1
1136,7,train|train_small,5,2,0,0,0,0,0,0,0,1
1162,7,train|train_small,3,4,0,0,0,0,0,0,0,1
1176,7,train|train_small,2,5,0,0,0,0,0,0,0,1
1200,7,train|train_small,5,2,0,0,0,0,0,0,0,1
1274,7,train|train_small,4,3,0,0,0,0,0,0,0,1
1282,7,train|train_small,6,1,0,0,0,0,0,0,0,1
1320,7,train|train_small,4,3,0,0,0,0,0,0,0,1
1382,7,train|train_small,4,3,0,0,0,0,0,0,0,1
1393,7,train|train_small,5,2,0,0,0,0,0,0,0,1
1423,7,train,7,0,0,0,0,0,0,0,0,1
1525,7,train,7,0,0,0,0,0,0,0,0,1
1533,7,train,7,0,0,0,0,0,0,0,0,1
1574,7,train|train_small,4,3,0,0,0,0,0,0,0,1
1608,7,train|train_small,3,4,0,0,0,0,0,0,0,1
1621,7,train|train_small,5,2,0,0,0,0,0,0,0,1
1689,7,train_small,0,7,0,0,0,0,0,0,0,1
1819,7,part,0,0,0,7,0,0,0,0,0,1
1847,7,part,0,0,0,7,0,0,0,0,0,1
1859,7,part,0,0,0,7,0,0,0,0,0,1
1877,7,part,0,0,0,7,0,0,0,0,0,1
1879,7,part,0,0,0,7,0,0,0,0,0,1
1884,7,part,0,0,0,7,0,0,0,0,0,1
1909,7,part,0,0,0,7,0,0,0,0,0,1
1965,7,part,0,0,0,7,0,0,0,0,0,1
1993,7,part,0,0,0,7,0,0,0,0,0,1
1997,7,part,0,0,0,7,0,0,0,0,0,1
2035,7,part,0,0,0,7,0,0,0,0,0,1
2123,7,part,0,0,0,7,0,0,0,0,0,1
2161,7,part,0,0,0,7,0,0,0,0,0,1
2177,7,part,0,0,0,7,0,0,0,0,0,1
2200,7,part,0,0,0,7,0,0,0,0,0,1
2264,7,part,0,0,0,7,0,0,0,0,0,1
2279,7,part,0,0,0,7,0,0,0,0,0,1
59,8,train,8,0,0,0,0,0,0,0,0,1
194,8,train,8,0,0,0,0,0,0,0,0,1
353,8,train,8,0,0,0,0,0,0,0,0,1
409,8,train,8,0,0,0,0,0,0,0,0,1
1043,8,train,8,0,0,0,0,0,0,0,0,1
1045,8,train|train_small,5,3,0,0,0,0,0,0,0,1
1083,8,train|train_small,5,3,0,0,0,0,0,0,0,1
1084,8,train|train_small,2,6,0,0,0,0,0,0,0,1
1116,8,train|train_small,4,4,0,0,0,0,0,0,0,1
1126,8,train_small,0,8,0,0,0,0,0,0,0,1
1186,8,train|train_small,3,5,0,0,0,0,0,0,0,1
1196,8,train,8,0,0,0,0,0,0,0,0,1
1217,8,train|train_small,6,2,0,0,0,0,0,0,0,1
1230,8,test,0,0,8,0,0,0,0,0,0,1
1236,8,train,8,0,0,0,0,0,0,0,0,1
1307,8,train|train_small,6,2,0,0,0,0,0,0,0,1
1397,8,train|train_small,2,6,0,0,0,0,0,0,0,1
1409,8,train,8,0,0,0,0,0,0,0,0,1
1448,8,train,8,0,0,0,0,0,0,0,0,1
1457,8,train|train_small,4,4,0,0,0,0,0,0,0,1
1497,8,train|train_small,5,3,0,0,0,0,0,0,0,1
1511,8,train|train_small,4,4,0,0,0,0,0,0,0,1
1591,8,train|train_small,4,4,0,0,0,0,0,0,0,1
1634,8,train|train_small,5,3,0,0,0,0,0,0,0,1
1660,8,train|train_small,6,2,0,0,0,0,0,0,0,1
1827,8,part,0,0,0,8,0,0,0,0,0,1
1842,8,part,0,0,0,8,0,0,0,0,0,1
1857,8,part,0,0,0,8,0,0,0,0,0,1
1875,8,part,0,0,0,8,0,0,0,0,0,1
2012,8,part,0,0,0,8,0,0,0,0,0,1
2051,8,part,0,0,0,8,0,0,0,0,0,1
2159,8,part,0,0,0,8,0,0,0,0,0,1
2195,8,part,0,0,0,8,0,0,0,0,0,1
2203,8,part,0,0,0,8,0,0,0,0,0,1
2210,8,part,0,0,0,8,0,0,0,0,0,1
2266,8,part,0,0,0,8,0,0,0,0,0,1
5,9,train,9,0,0,0,0,0,0,0,0,1
130,9,train,9,0,0,0,0,0,0,0,0,1
339,9,train,9,0,0,0,0,0,0,0,0,1
1007,9,train|train_small,4,5,0,0,0,0,0,0,0,1
1009,9,train|train_small,7,2,0,0,0,0,0,0,0,1
1037,9,train|train_small,4,5,0,0,0,0,0,0,0,1
1046,9,train|train_small,5,4,0,0,0,0,0,0,0,1
1120,9,test,0,0,9,0,0,0,0,0,0,1
1199,9,train|train_small,7,2,0,0,0,0,0,0,0,1
1257,9,train|train_small,6,3,0,0,0,0,0,0,0,1
1291,9,train|train_small,4,5,0,0,0,0,0,0,0,1
1315,9,train|train_small,5,4,0,0,0,0,0,0,0,1
1481,9,train|train_small,4,5,0,0,0,0,0,0,0,1
1483,9,train|train_small,4,5,0,0,0,0,0,0,0,1
1569,9,train,9,0,0,0,0,0,0,0,0,1
1636,9,train|train_small,6,3,0,0,0,0,0,0,0,1
1638,9,train|train_small,4,5,0,0,0,0,0,0,0,1
1869,9,part,0,0,0,9,0,0,0,0,0,1
1961,9,part,0,0,0,9,0,0,0,0,0,1
1995,9,part,0,0,0,9,0,0,0,0,0,1
2037,9,part,0,0,0,9,0,0,0,0,0,1
2045,9,part,0,0,0,9,0,0,0,0,0,1
2061,9,part,0,0,0,9,0,0,0,0,0,1
2064,9,part,0,0,0,9,0,0,0,0,0,1
2065,9,part,0,0,0,9,0,0,0,0,0,1
2093,9,part,0,0,0,9,0,0,0,0,0,1
2125,9,part,0,0,0,9,0,0,0,0,0,1
2188,9,part,0,0,0,9,0,0,0,0,0,1
2212,9,part,0,0,0,9,0,0,0,0,0,1
2268,9,part,0,0,0,9,0,0,0,0,0,1
