candidate,batch,samples,unique_speakers,max_speaker_share,distinct_shards,duplicate_indexes
hybrid_w8,0,32,16,0.0625,7,0
hybrid_w8,1,32,16,0.0625,6,0
hybrid_w8,2,32,16,0.0625,6,0
hybrid_w8,3,32,16,0.0625,5,0
hybrid_w8,4,32,16,0.0625,7,0
hybrid_w8,5,32,16,0.0625,7,0
hybrid_w8,6,32,16,0.0625,4,0
hybrid_w8,7,32,16,0.0625,5,0
hybrid_w8,8,32,16,0.0625,5,0
hybrid_w8,9,32,16,0.0625,7,0
hybrid_w8,10,32,16,0.0625,7,0
hybrid_w8,11,32,16,0.0625,7,0
hybrid_w8,12,32,16,0.0625,6,0
hybrid_w8,13,32,16,0.0625,6,0
hybrid_w8,14,32,16,0.0625,7,0
hybrid_w8,15,32,16,0.0625,7,0
hybrid_w8,16,32,16,0.0625,6,0
hybrid_w8,17,32,16,0.0625,5,0
hybrid_w8,18,32,16,0.0625,6,0
hybrid_w8,19,32,16,0.0625,5,0
hybrid_w8,20,32,16,0.0625,5,0
hybrid_w8,21,32,16,0.0625,4,0
hybrid_w8,22,32,16,0.0625,7,0
hybrid_w8,23,32,16,0.0625,6,0
hybrid_w8,24,32,16,0.0625,6,0
hybrid_w8,25,32,16,0.0625,7,0
hybrid_w8,26,32,16,0.0625,7,0
hybrid_w8,27,32,16,0.0625,5,0
hybrid_w8,28,32,16,0.0625,5,0
hybrid_w8,29,32,16,0.0625,6,0
hybrid_w8,30,32,16,0.0625,5,0
hybrid_w8,31,32,16,0.0625,8,0
hybrid_w8,32,32,16,0.0625,4,0
hybrid_w8,33,32,16,0.0625,5,0
hybrid_w8,34,32,16,0.0625,6,0
hybrid_w8,35,32,16,0.0625,5,0
hybrid_w8,36,32,16,0.0625,5,0
hybrid_w8,37,32,16,0.0625,6,0
hybrid_w8,38,32,16,0.0625,5,0
hybrid_w8,39,32,16,0.0625,7,0
hybrid_w8,40,32,16,0.0625,5,0
hybrid_w8,41,32,16,0.0625,8,0
hybrid_w8,42,32,16,0.0625,7,0
hybrid_w8,43,32,16,0.0625,7,0
hybrid_w8,44,32,16,0.0625,8,0
hybrid_w8,45,32,16,0.0625,6,0
hybrid_w8,46,32,16,0.0625,6,0
hybrid_w8,47,32,16,0.0625,6,0
hybrid_w8,48,32,16,0.0625,6,0
hybrid_w8,49,32,16,0.0625,6,0
hybrid_w8,50,32,16,0.0625,6,0
hybrid_w8,51,32,16,0.0625,7,0
hybrid_w8,52,32,16,0.0625,6,0
hybrid_w8,53,32,16,0.0625,7,0
hybrid_w8,54,32,16,0.0625,5,0
hybrid_w8,55,32,16,0.0625,6,0
hybrid_w8,56,32,16,0.0625,5,0
hybrid_w8,57,32,16,0.0625,7,0
hybrid_w8,58,32,16,0.0625,6,0
hybrid_w8,59,32,16,0.0625,7,0
hybrid_w8,60,32,16,0.0625,6,0
hybrid_w8,61,32,16,0.0625,5,0
hybrid_w8,62,32,16,0.0625,7,0
hybrid_w8,63,32,16,0.0625,5,0
hybrid_w8,64,32,16,0.0625,5,0
hybrid_w8,65,32,16,0.0625,7,0
hybrid_w8,66,32,16,0.0625,4,0
hybrid_w8,67,32,16,0.0625,5,0
hybrid_w8,68,32,16,0.0625,5,0
hybrid_w8,69,32,16,0.0625,6,0
hybrid_w8,70,32,16,0.0625,4,0
hybrid_w8,71,32,16,0.0625,3,0
hybrid_w8,72,32,16,0.0625,7,0
hybrid_w8,73,32,16,0.0625,6,0
hybrid_w8,74,32,16,0.0625,6,0
hybrid_w8,75,32,16,0.0625,6,0
hybrid_w8,76,32,16,0.0625,5,0
hybrid_w8,77,32,16,0.0625,5,0
hybrid_w8,78,32,16,0.0625,8,0
hybrid_w8,79,32,16,0.0625,5,0
hybrid_w8,80,32,16,0.0625,6,0
hybrid_w8,81,32,16,0.0625,7,0
hybrid_w8,82,32,16,0.0625,5,0
hybrid_w8,83,32,16,0.0625,5,0
hybrid_w8,84,32,16,0.0625,5,0
hybrid_w8,85,32,16,0.0625,7,0
hybrid_w8,86,32,16,0.0625,7,0
hybrid_w8,87,32,16,0.0625,6,0
hybrid_w8,88,32,16,0.0625,6,0
hybrid_w8,89,32,16,0.0625,8,0
hybrid_w8,90,32,16,0.0625,6,0
hybrid_w8,91,32,16,0.0625,7,0
hybrid_w8,92,32,16,0.0625,7,0
hybrid_w8,93,32,16,0.0625,7,0
hybrid_w8,94,32,16,0.0625,6,0
hybrid_w8,95,32,16,0.0625,3,0
hybrid_w8,96,32,16,0.0625,6,0
hybrid_w8,97,32,16,0.0625,6,0
hybrid_w8,98,32,16,0.0625,6,0
hybrid_w8,99,32,16,0.0625,5,0
hybrid_w8,100,32,16,0.0625,5,0
hybrid_w8,101,32,16,0.0625,5,0
hybrid_w8,102,32,16,0.0625,8,0
hybrid_w8,103,32,16,0.0625,8,0
hybrid_w8,104,32,16,0.0625,8,0
hybrid_w8,105,32,16,0.0625,7,0
hybrid_w8,106,32,16,0.0625,6,0
hybrid_w8,107,32,16,0.0625,5,0
hybrid_w8,108,32,16,0.0625,8,0
hybrid_w8,109,32,16,0.0625,6,0
hybrid_w8,110,32,16,0.0625,6,0
hybrid_w8,111,32,16,0.0625,6,0
hybrid_w8,112,32,16,0.0625,6,0
hybrid_w8,113,32,16,0.0625,5,0
hybrid_w8,114,32,16,0.0625,5,0
hybrid_w8,115,32,16,0.0625,7,0
hybrid_w8,116,32,16,0.0625,6,0
hybrid_w8,117,32,16,0.0625,7,0
hybrid_w8,118,32,16,0.0625,4,0
hybrid_w8,119,32,16,0.0625,7,0
hybrid_w8,120,32,16,0.0625,6,0
hybrid_w8,121,32,16,0.0625,7,0
hybrid_w8,122,32,16,0.0625,8,0
hybrid_w8,123,32,16,0.0625,5,0
hybrid_w8,124,32,16,0.0625,7,0
hybrid_w8,125,32,16,0.0625,7,0
hybrid_w8,126,32,16,0.0625,5,0
hybrid_w8,127,32,16,0.0625,6,0
hybrid_w8,128,32,16,0.0625,4,0
hybrid_w8,129,32,16,0.0625,7,0
hybrid_w8,130,32,16,0.0625,5,0
hybrid_w8,131,32,16,0.0625,5,0
hybrid_w8,132,32,16,0.0625,6,0
hybrid_w8,133,32,16,0.0625,7,0
hybrid_w8,134,32,16,0.0625,6,0
hybrid_w8,135,32,16,0.0625,8,0
hybrid_w8,136,32,16,0.0625,9,0
hybrid_w8,137,32,16,0.0625,8,0
hybrid_w8,138,32,16,0.0625,6,0
hybrid_w8,139,32,16,0.0625,7,0
hybrid_w8,140,32,16,0.0625,7,0
hybrid_w8,141,32,16,0.0625,7,0
hybrid_w8,142,32,16,0.0625,5,0
hybrid_w8,143,32,16,0.0625,6,0
hybrid_w8,144,32,16,0.0625,6,0
hybrid_w8,145,32,16,0.0625,5,0
hybrid_w8,146,32,16,0.0625,5,0
hybrid_w8,147,32,16,0.0625,7,0
hybrid_w8,148,32,16,0.0625,4,0
hybrid_w8,149,32,16,0.0625,7,0
hybrid_w8,150,32,16,0.0625,6,0
hybrid_w8,151,32,16,0.0625,8,0
hybrid_w8,152,32,16,0.0625,5,0
hybrid_w8,153,32,16,0.0625,7,0
hybrid_w8,154,32,16,0.0625,7,0
hybrid_w8,155,32,16,0.0625,6,0
hybrid_w8,156,32,16,0.0625,6,0
hybrid_w8,157,32,16,0.0625,4,0
hybrid_w8,158,32,16,0.0625,8,0
hybrid_w8,159,32,16,0.0625,7,0
hybrid_w8,160,32,16,0.0625,5,0
hybrid_w8,161,32,16,0.0625,6,0
hybrid_w8,162,32,16,0.0625,3,0
hybrid_w8,163,32,16,0.0625,6,0
hybrid_w8,164,32,16,0.0625,8,0
hybrid_w8,165,32,16,0.0625,4,0
hybrid_w8,166,32,16,0.0625,7,0
hybrid_w8,167,32,16,0.0625,7,0
hybrid_w8,168,32,16,0.0625,8,0
hybrid_w8,169,32,16,0.0625,7,0
hybrid_w8,170,32,16,0.0625,6,0
hybrid_w8,171,32,16,0.0625,7,0
hybrid_w8,172,32,16,0.0625,5,0
hybrid_w8,173,32,16,0.0625,5,0
hybrid_w8,174,32,16,0.0625,5,0
hybrid_w8,175,32,16,0.0625,5,0
hybrid_w8,176,32,16,0.0625,7,0
hybrid_w8,177,32,16,0.0625,6,0
hybrid_w8,178,32,16,0.0625,6,0
hybrid_w8,179,32,16,0.0625,5,0
hybrid_w8,180,32,16,0.0625,7,0
hybrid_w8,181,32,16,0.0625,7,0
hybrid_w8,182,32,16,0.0625,7,0
hybrid_w8,183,32,16,0.0625,6,0
hybrid_w8,184,32,16,0.0625,8,0
hybrid_w8,185,32,16,0.0625,6,0
hybrid_w8,186,32,16,0.0625,7,0
hybrid_w8,187,32,16,0.0625,7,0
hybrid_w8,188,32,16,0.0625,5,0
hybrid_w8,189,32,16,0.0625,4,0
hybrid_w8,190,32,16,0.0625,6,0
hybrid_w8,191,32,16,0.0625,6,0
hybrid_w8,192,32,16,0.0625,4,0
hybrid_w8,193,32,16,0.0625,5,0
hybrid_w8,194,32,16,0.0625,7,0
hybrid_w8,195,32,16,0.0625,3,0
hybrid_w8,196,32,16,0.0625,3,0
hybrid_w8,197,32,16,0.0625,7,0
hybrid_w8,198,32,16,0.0625,7,0
hybrid_w8,199,32,16,0.0625,8,0
hybrid_w8,200,32,16,0.0625,8,0
hybrid_w8,201,32,16,0.0625,7,0
hybrid_w8,202,32,16,0.0625,6,0
hybrid_w8,203,32,16,0.0625,6,0
hybrid_w8,204,32,16,0.0625,5,0
hybrid_w8,205,32,16,0.0625,3,0
hybrid_w8,206,32,16,0.0625,5,0
hybrid_w8,207,32,16,0.0625,3,0
hybrid_w8,208,32,16,0.0625,5,0
hybrid_w8,209,32,16,0.0625,6,0
hybrid_w8,210,32,16,0.0625,9,0
hybrid_w8,211,32,16,0.0625,7,0
hybrid_w8,212,32,16,0.0625,5,0
hybrid_w8,213,32,16,0.0625,8,0
hybrid_w8,214,32,16,0.0625,7,0
hybrid_w8,215,32,16,0.0625,9,0
hybrid_w8,216,32,16,0.0625,8,0
hybrid_w8,217,32,16,0.0625,7,0
hybrid_w8,218,32,16,0.0625,8,0
hybrid_w8,219,32,16,0.0625,5,0
hybrid_w8,220,32,16,0.0625,5,0
hybrid_w8,221,32,16,0.0625,6,0
hybrid_w8,222,32,16,0.0625,5,0
hybrid_w8,223,32,16,0.0625,5,0
hybrid_w8,224,32,16,0.0625,5,0
hybrid_w8,225,32,16,0.0625,6,0
hybrid_w8,226,32,16,0.0625,6,0
hybrid_w8,227,32,16,0.0625,9,0
hybrid_w8,228,32,16,0.0625,9,0
hybrid_w8,229,32,16,0.0625,7,0
hybrid_w8,230,32,16,0.0625,5,0
hybrid_w8,231,32,16,0.0625,8,0
hybrid_w8,232,32,16,0.0625,6,0
hybrid_w8,233,32,16,0.0625,7,0
hybrid_w8,234,32,16,0.0625,6,0
hybrid_w8,235,32,16,0.0625,3,0
hybrid_w8,236,32,16,0.0625,6,0
hybrid_w8,237,32,16,0.0625,6,0
hybrid_w8,238,32,16,0.0625,4,0
hybrid_w8,239,32,16,0.0625,5,0
hybrid_w8,240,32,16,0.0625,5,0
hybrid_w8,241,32,16,0.0625,6,0
hybrid_w8,242,32,16,0.0625,7,0
hybrid_w8,243,32,16,0.0625,3,0
hybrid_w8,244,32,16,0.0625,9,0
hybrid_w8,245,32,16,0.0625,8,0
hybrid_w8,246,32,16,0.0625,7,0
hybrid_w8,247,32,16,0.0625,8,0
hybrid_w8,248,32,16,0.0625,7,0
hybrid_w8,249,32,16,0.0625,8,0
hybrid_w8,250,32,16,0.0625,8,0
hybrid_w8,251,32,16,0.0625,5,0
hybrid_w8,252,32,16,0.0625,6,0
hybrid_w8,253,32,16,0.0625,7,0
hybrid_w8,254,32,16,0.0625,7,0
hybrid_w8,255,32,16,0.0625,6,0
hybrid_w8,256,32,16,0.0625,4,0
hybrid_w8,257,32,16,0.0625,8,0
hybrid_w8,258,32,16,0.0625,7,0
hybrid_w8,259,32,16,0.0625,6,0
hybrid_w8,260,32,16,0.0625,7,0
hybrid_w8,261,32,16,0.0625,9,0
hybrid_w8,262,32,16,0.0625,8,0
hybrid_w8,263,32,16,0.0625,7,0
hybrid_w8,264,32,16,0.0625,6,0
hybrid_w8,265,32,16,0.0625,7,0
hybrid_w8,266,32,16,0.0625,4,0
hybrid_w8,267,32,16,0.0625,6,0
hybrid_w8,268,32,16,0.0625,5,0
hybrid_w8,269,32,16,0.0625,6,0
hybrid_w8,270,32,16,0.0625,5,0
hybrid_w8,271,32,16,0.0625,7,0
hybrid_w8,272,32,16,0.0625,5,0
hybrid_w8,273,32,16,0.0625,4,0
hybrid_w8,274,32,16,0.0625,5,0
hybrid_w8,275,32,16,0.0625,7,0
hybrid_w8,276,32,16,0.0625,6,0
hybrid_w8,277,32,16,0.0625,7,0
hybrid_w8,278,32,16,0.0625,7,0
hybrid_w8,279,32,16,0.0625,7,0
hybrid_w8,280,32,16,0.0625,8,0
hybrid_w8,281,32,16,0.0625,8,0
hybrid_w8,282,32,16,0.0625,3,0
hybrid_w8,283,32,16,0.0625,5,0
hybrid_w8,284,32,16,0.0625,6,0
hybrid_w8,285,32,16,0.0625,5,0
hybrid_w8,286,32,16,0.0625,4,0
hybrid_w8,287,32,16,0.0625,4,0
hybrid_w8,288,32,16,0.0625,6,0
hybrid_w8,289,32,16,0.0625,7,0
hybrid_w8,290,32,16,0.0625,4,0
hybrid_w8,291,32,16,0.0625,8,0
hybrid_w8,292,32,16,0.0625,7,0
hybrid_w8,293,32,16,0.0625,7,0
hybrid_w8,294,32,16,0.0625,8,0
hybrid_w8,295,32,16,0.0625,5,0
hybrid_w8,296,32,16,0.0625,8,0
hybrid_w8,297,32,16,0.0625,7,0
hybrid_w8,298,32,16,0.0625,7,0
hybrid_w8,299,32,16,0.0625,5,0
hybrid_w8,300,32,16,0.0625,7,0
hybrid_w8,301,32,16,0.0625,7,0
hybrid_w8,302,32,16,0.0625,6,0
hybrid_w8,303,32,16,0.0625,5,0
hybrid_w8,304,32,16,0.0625,5,0
hybrid_w8,305,32,16,0.0625,6,0
hybrid_w8,306,32,16,0.0625,7,0
hybrid_w8,307,32,16,0.0625,7,0
hybrid_w8,308,32,16,0.0625,6,0
hybrid_w8,309,32,16,0.0625,9,0
hybrid_w8,310,32,16,0.0625,7,0
hybrid_w8,311,32,16,0.0625,5,0
hybrid_w8,312,32,16,0.0625,7,0
hybrid_w8,313,32,16,0.0625,6,0
hybrid_w8,314,32,16,0.0625,5,0
hybrid_w8,315,32,16,0.0625,5,0
hybrid_w8,316,32,16,0.0625,3,0
hybrid_w8,317,32,16,0.0625,4,0
hybrid_w8,318,32,16,0.0625,6,0
hybrid_w8,319,32,16,0.0625,7,0
hybrid_w8,320,32,16,0.0625,2,0
hybrid_w8,321,32,16,0.0625,3,0
hybrid_w8,322,32,16,0.0625,8,0
hybrid_w8,323,32,16,0.0625,7,0
hybrid_w8,324,32,16,0.0625,7,0
hybrid_w8,325,32,16,0.0625,7,0
hybrid_w8,326,32,16,0.0625,5,0
hybrid_w8,327,32,16,0.0625,7,0
hybrid_w8,328,32,16,0.0625,5,0
hybrid_w8,329,32,16,0.0625,5,0
hybrid_w8,330,32,16,0.0625,4,0
hybrid_w8,331,32,16,0.0625,5,0
hybrid_w8,332,32,16,0.0625,4,0
hybrid_w8,333,32,16,0.0625,6,0
hybrid_w8,334,32,16,0.0625,5,0
hybrid_w8,335,32,16,0.0625,8,0
hybrid_w8,336,32,16,0.0625,8,0
hybrid_w8,337,32,16,0.0625,6,0
hybrid_w8,338,32,16,0.0625,4,0
hybrid_w8,339,32,16,0.0625,8,0
hybrid_w8,340,32,16,0.0625,9,0
hybrid_w8,341,32,16,0.0625,7,0
hybrid_w8,342,32,16,0.0625,7,0
hybrid_w8,343,32,16,0.0625,7,0
hybrid_w8,344,32,16,0.0625,6,0
hybrid_w8,345,32,16,0.0625,3,0
hybrid_w8,346,32,16,0.0625,6,0
hybrid_w8,347,32,16,0.0625,5,0
hybrid_w8,348,32,16,0.0625,5,0
hybrid_w8,349,32,16,0.0625,5,0
hybrid_w8,350,32,16,0.0625,6,0
hybrid_w8,351,32,16,0.0625,5,0
hybrid_w8,352,32,16,0.0625,8,0
hybrid_w8,353,32,16,0.0625,9,0
hybrid_w8,354,32,16,0.0625,8,0
hybrid_w8,355,32,16,0.0625,6,0
hybrid_w8,356,32,16,0.0625,6,0
hybrid_w8,357,32,16,0.0625,7,0
hybrid_w8,358,32,16,0.0625,9,0
hybrid_w8,359,32,16,0.0625,6,0
hybrid_w8,360,32,16,0.0625,4,0
hybrid_w8,361,32,16,0.0625,5,0
hybrid_w8,362,32,16,0.0625,6,0
hybrid_w8,363,32,16,0.0625,4,0
hybrid_w8,364,32,16,0.0625,4,0
hybrid_w8,365,32,16,0.0625,5,0
hybrid_w8,366,32,16,0.0625,8,0
hybrid_w8,367,32,16,0.0625,9,0
hybrid_w8,368,32,16,0.0625,3,0
hybrid_w8,369,32,16,0.0625,6,0
hybrid_w8,370,32,16,0.0625,5,0
hybrid_w8,371,32,16,0.0625,8,0
hybrid_w8,372,32,16,0.0625,9,0
hybrid_w8,373,32,16,0.0625,7,0
hybrid_w8,374,32,16,0.0625,8,0
hybrid_w8,375,32,16,0.0625,7,0
hybrid_w8,376,32,16,0.0625,6,0
hybrid_w8,377,32,16,0.0625,6,0
hybrid_w8,378,32,16,0.0625,5,0
hybrid_w8,379,32,16,0.0625,7,0
hybrid_w8,380,32,16,0.0625,6,0
hybrid_w8,381,32,16,0.0625,6,0
hybrid_w8,382,32,16,0.0625,6,0
hybrid_w8,383,32,16,0.0625,8,0
hybrid_w8,384,32,16,0.0625,7,0
hybrid_w8,385,32,16,0.0625,8,0
hybrid_w8,386,32,16,0.0625,7,0
hybrid_w8,387,32,16,0.0625,9,0
hybrid_w8,388,32,16,0.0625,7,0
hybrid_w8,389,32,16,0.0625,5,0
hybrid_w8,390,32,16,0.0625,6,0
hybrid_w8,391,32,16,0.0625,6,0
hybrid_w8,392,32,16,0.0625,5,0
hybrid_w8,393,32,16,0.0625,7,0
hybrid_w8,394,32,16,0.0625,5,0
hybrid_w8,395,32,16,0.0625,5,0
hybrid_w8,396,32,16,0.0625,6,0
hybrid_w8,397,32,16,0.0625,6,0
hybrid_w8,398,32,16,0.0625,5,0
hybrid_w8,399,32,16,0.0625,6,0
hybrid_w8,400,32,16,0.0625,8,0
hybrid_w8,401,32,16,0.0625,8,0
hybrid_w8,402,32,16,0.0625,7,0
hybrid_w8,403,32,16,0.0625,9,0
hybrid_w8,404,32,16,0.0625,7,0
hybrid_w8,405,32,16,0.0625,8,0
hybrid_w8,406,32,16,0.0625,7,0
hybrid_w8,407,32,16,0.0625,3,0
hybrid_w8,408,32,16,0.0625,5,0
hybrid_w8,409,32,16,0.0625,5,0
hybrid_w8,410,32,16,0.0625,3,0
hybrid_w8,411,32,16,0.0625,4,0
hybrid_w8,412,32,16,0.0625,7,0
hybrid_w8,413,32,16,0.0625,7,0
hybrid_w8,414,32,16,0.0625,8,0
hybrid_w8,415,32,16,0.0625,6,0
hybrid_w8,416,32,16,0.0625,7,0
hybrid_w8,417,32,16,0.0625,6,0
hybrid_w8,418,32,16,0.0625,8,0
hybrid_w8,419,32,16,0.0625,9,0
hybrid_w8,420,32,16,0.0625,6,0
hybrid_w8,421,32,16,0.0625,10,0
hybrid_w8,422,32,16,0.0625,6,0
hybrid_w8,423,32,16,0.0625,5,0
hybrid_w8,424,32,16,0.0625,5,0
hybrid_w8,425,32,16,0.0625,6,0
hybrid_w8,426,32,16,0.0625,5,0
hybrid_w8,427,32,16,0.0625,5,0
hybrid_w8,428,32,16,0.0625,4,0
hybrid_w8,429,32,16,0.0625,7,0
hybrid_w8,430,32,16,0.0625,9,0
hybrid_w8,431,32,16,0.0625,6,0
hybrid_w8,432,32,16,0.0625,7,0
hybrid_w8,433,32,16,0.0625,7,0
hybrid_w8,434,32,16,0.0625,9,0
hybrid_w8,435,32,16,0.0625,7,0
hybrid_w8,436,32,16,0.0625,6,0
hybrid_w8,437,32,16,0.0625,6,0
hybrid_w8,438,32,16,0.0625,4,0
hybrid_w8,439,32,16,0.0625,6,0
hybrid_w8,440,32,16,0.0625,5,0
hybrid_w8,441,32,16,0.0625,5,0
hybrid_w8,442,32,16,0.0625,4,0
hybrid_w8,443,32,16,0.0625,5,0
hybrid_w8,444,32,16,0.0625,8,0
hybrid_w8,445,32,16,0.0625,5,0
hybrid_w8,446,32,16,0.0625,5,0
hybrid_w8,447,32,16,0.0625,6,0
hybrid_w8,448,32,16,0.0625,9,0
hybrid_w8,449,32,16,0.0625,8,0
hybrid_w8,450,32,16,0.0625,8,0
hybrid_w8,451,32,16,0.0625,6,0
hybrid_w8,452,32,16,0.0625,8,0
hybrid_w8,453,32,16,0.0625,7,0
hybrid_w8,454,32,16,0.0625,3,0
hybrid_w8,455,32,16,0.0625,4,0
hybrid_w8,456,32,16,0.0625,7,0
hybrid_w8,457,32,16,0.0625,7,0
hybrid_w8,458,32,16,0.0625,5,0
hybrid_w8,459,32,16,0.0625,4,0
hybrid_w8,460,32,16,0.0625,7,0
hybrid_w8,461,32,16,0.0625,7,0
hybrid_w8,462,32,16,0.0625,5,0
hybrid_w8,463,32,16,0.0625,7,0
hybrid_w8,464,32,16,0.0625,9,0
hybrid_w8,465,32,16,0.0625,9,0
hybrid_w8,466,32,16,0.0625,8,0
hybrid_w8,467,32,16,0.0625,6,0
hybrid_w8,468,32,16,0.0625,7,0
hybrid_w8,469,32,16,0.0625,5,0
hybrid_w8,470,32,16,0.0625,4,0
hybrid_w8,471,32,16,0.0625,6,0
hybrid_w8,472,32,16,0.0625,6,0
hybrid_w8,473,32,16,0.0625,6,0
hybrid_w8,474,32,16,0.0625,5,0
hybrid_w8,475,32,16,0.0625,7,0
hybrid_w8,476,32,16,0.0625,5,0
hybrid_w8,477,32,16,0.0625,8,0
hybrid_w8,478,32,16,0.0625,7,0
hybrid_w8,479,32,16,0.0625,7,0
hybrid_w8,480,32,16,0.0625,6,0
hybrid_w8,481,32,16,0.0625,8,0
hybrid_w8,482,32,16,0.0625,4,0
hybrid_w8,483,32,16,0.0625,8,0
hybrid_w8,484,32,16,0.0625,7,0
hybrid_w8,485,32,16,0.0625,3,0
hybrid_w8,486,32,16,0.0625,5,0
hybrid_w8,487,32,16,0.0625,6,0
hybrid_w8,488,32,16,0.0625,4,0
hybrid_w8,489,32,16,0.0625,3,0
hybrid_w8,490,32,16,0.0625,4,0
hybrid_w8,491,32,16,0.0625,5,0
hybrid_w8,492,32,16,0.0625,7,0
hybrid_w8,493,32,16,0.0625,5,0
hybrid_w8,494,32,16,0.0625,8,0
hybrid_w8,495,32,16,0.0625,9,0
hybrid_w8,496,32,16,0.0625,8,0
hybrid_w8,497,32,16,0.0625,8,0
hybrid_w8,498,32,16,0.0625,7,0
hybrid_w8,499,32,16,0.0625,6,0
hybrid_w8,500,32,16,0.0625,7,0
hybrid_w8,501,32,16,0.0625,5,0
hybrid_w8,502,32,16,0.0625,6,0
hybrid_w8,503,32,16,0.0625,6,0
hybrid_w8,504,32,16,0.0625,7,0
hybrid_w8,505,32,16,0.0625,5,0
hybrid_w8,506,32,16,0.0625,4,0
hybrid_w8,507,32,16,0.0625,6,0
hybrid_w8,508,32,16,0.0625,7,0
hybrid_w8,509,32,16,0.0625,5,0
hybrid_w8,510,32,16,0.0625,6,0
hybrid_w8,511,32,16,0.0625,7,0
hybrid_w8,512,32,16,0.0625,9,0
hybrid_w8,513,32,16,0.0625,7,0
hybrid_w8,514,32,16,0.0625,7,0
hybrid_w8,515,32,16,0.0625,8,0
hybrid_w8,516,32,16,0.0625,6,0
hybrid_w8,517,32,16,0.0625,4,0
hybrid_w8,518,32,16,0.0625,5,0
hybrid_w8,519,32,16,0.0625,5,0
hybrid_w8,520,32,16,0.0625,5,0
hybrid_w8,521,32,16,0.0625,6,0
hybrid_w8,522,32,16,0.0625,8,0
hybrid_w8,523,32,16,0.0625,4,0
hybrid_w8,524,32,16,0.0625,6,0
hybrid_w8,525,32,16,0.0625,7,0
hybrid_w8,526,32,16,0.0625,5,0
hybrid_w8,527,32,16,0.0625,7,0
hybrid_w8,528,32,16,0.0625,7,0
hybrid_w8,529,32,16,0.0625,7,0
hybrid_w8,530,32,16,0.0625,8,0
hybrid_w8,531,32,16,0.0625,7,0
hybrid_w8,532,32,16,0.0625,4,0
hybrid_w8,533,32,16,0.0625,4,0
hybrid_w8,534,32,16,0.0625,5,0
hybrid_w8,535,32,16,0.0625,3,0
hybrid_w8,536,32,16,0.0625,4,0
hybrid_w8,537,32,16,0.0625,4,0
hybrid_w8,538,32,16,0.0625,7,0
hybrid_w8,539,32,16,0.0625,8,0
hybrid_w8,540,32,16,0.0625,6,0
hybrid_w8,541,32,16,0.0625,6,0
hybrid_w8,542,32,16,0.0625,8,0
hybrid_w8,543,32,16,0.0625,10,0
hybrid_w8,544,32,16,0.0625,9,0
hybrid_w8,545,32,16,0.0625,7,0
hybrid_w8,546,32,16,0.0625,8,0
hybrid_w8,547,32,16,0.0625,7,0
hybrid_w8,548,32,16,0.0625,3,0
hybrid_w8,549,32,16,0.0625,5,0
hybrid_w8,550,32,16,0.0625,6,0
hybrid_w8,551,32,16,0.0625,5,0
hybrid_w8,552,32,16,0.0625,6,0
hybrid_w8,553,32,16,0.0625,7,0
hybrid_w8,554,32,16,0.0625,7,0
hybrid_w8,555,32,16,0.0625,9,0
hybrid_w8,556,32,16,0.0625,6,0
hybrid_w8,557,32,16,0.0625,5,0
hybrid_w8,558,32,16,0.0625,8,0
hybrid_w8,559,32,16,0.0625,9,0
hybrid_w8,560,32,16,0.0625,6,0
hybrid_w8,561,32,16,0.0625,5,0
hybrid_w8,562,32,16,0.0625,7,0
hybrid_w8,563,32,16,0.0625,4,0
hybrid_w8,564,32,16,0.0625,4,0
hybrid_w8,565,32,16,0.0625,7,0
hybrid_w8,566,32,16,0.0625,4,0
hybrid_w8,567,32,16,0.0625,4,0
hybrid_w8,568,32,16,0.0625,7,0
hybrid_w8,569,32,16,0.0625,7,0
hybrid_w8,570,32,16,0.0625,3,0
hybrid_w8,571,32,16,0.0625,4,0
hybrid_w8,572,32,16,0.0625,9,0
hybrid_w8,573,32,16,0.0625,9,0
hybrid_w8,574,32,16,0.0625,9,0
hybrid_w8,575,32,16,0.0625,8,0
hybrid_w8,576,32,16,0.0625,7,0
hybrid_w8,577,32,16,0.0625,9,0
hybrid_w8,578,32,16,0.0625,7,0
hybrid_w8,579,32,16,0.0625,5,0
hybrid_w8,580,32,16,0.0625,6,0
hybrid_w8,581,32,16,0.0625,6,0
hybrid_w8,582,32,16,0.0625,4,0
hybrid_w8,583,32,16,0.0625,4,0
hybrid_w8,584,32,16,0.0625,6,0
hybrid_w8,585,32,16,0.0625,7,0
hybrid_w8,586,32,16,0.0625,8,0
hybrid_w8,587,32,16,0.0625,8,0
hybrid_w8,588,32,16,0.0625,7,0
hybrid_w8,589,32,16,0.0625,8,0
hybrid_w8,590,32,16,0.0625,10,0
hybrid_w8,591,32,16,0.0625,8,0
hybrid_w8,592,32,16,0.0625,8,0
hybrid_w8,593,32,16,0.0625,6,0
hybrid_w8,594,32,16,0.0625,4,0
hybrid_w8,595,32,16,0.0625,4,0
hybrid_w8,596,32,16,0.0625,7,0
hybrid_w8,597,32,16,0.0625,5,0
hybrid_w8,598,32,16,0.0625,6,0
hybrid_w8,599,32,16,0.0625,6,0
hybrid_w8,600,32,16,0.0625,6,0
hybrid_w8,601,32,16,0.0625,6,0
hybrid_w8,602,32,16,0.0625,9,0
hybrid_w8,603,32,16,0.0625,7,0
hybrid_w8,604,32,16,0.0625,8,0
hybrid_w8,605,32,16,0.0625,8,0
hybrid_w8,606,32,16,0.0625,9,0
hybrid_w8,607,32,16,0.0625,6,0
hybrid_w8,608,32,16,0.0625,10,0
hybrid_w8,609,32,16,0.0625,7,0
hybrid_w8,610,32,16,0.0625,3,0
hybrid_w8,611,32,16,0.0625,5,0
hybrid_w8,612,32,16,0.0625,6,0
hybrid_w8,613,32,16,0.0625,3,0
hybrid_w8,614,32,16,0.0625,4,0
hybrid_w8,615,32,16,0.0625,6,0
hybrid_w8,616,32,16,0.0625,6,0
hybrid_w8,617,32,16,0.0625,8,0
hybrid_w8,618,32,16,0.0625,4,0
hybrid_w8,619,32,16,0.0625,9,0
hybrid_w8,620,32,16,0.0625,8,0
hybrid_w8,621,32,16,0.0625,7,0
hybrid_w8,622,32,16,0.0625,10,0
hybrid_w8,623,32,16,0.0625,6,0
hybrid_w8,624,32,16,0.0625,9,0
hybrid_w8,625,32,16,0.0625,6,0
hybrid_w8,626,32,16,0.0625,4,0
hybrid_w8,627,32,16,0.0625,6,0
hybrid_w8,628,32,16,0.0625,6,0
hybrid_w8,629,32,16,0.0625,6,0
hybrid_w8,630,32,16,0.0625,5,0
hybrid_w8,631,32,16,0.0625,2,0
hybrid_w8,632,32,16,0.0625,6,0
hybrid_w8,633,32,16,0.0625,8,0
hybrid_w8,634,32,16,0.0625,8,0
hybrid_w8,635,32,16,0.0625,7,0
hybrid_w8,636,32,16,0.0625,10,0
hybrid_w8,637,32,16,0.0625,8,0
hybrid_w8,638,32,16,0.0625,6,0
hybrid_w8,639,32,16,0.0625,7,0
hybrid_w8,640,32,16,0.0625,7,0
hybrid_w8,641,32,16,0.0625,5,0
hybrid_w8,642,32,16,0.0625,4,0
hybrid_w8,643,32,16,0.0625,6,0
hybrid_w8,644,32,16,0.0625,4,0
hybrid_w8,645,32,16,0.0625,5,0
hybrid_w8,646,32,16,0.0625,6,0
hybrid_w8,647,32,16,0.0625,7,0
hybrid_w8,648,32,16,0.0625,3,0
hybrid_w8,649,32,16,0.0625,7,0
hybrid_w8,650,32,16,0.0625,9,0
hybrid_w8,651,32,16,0.0625,9,0
hybrid_w8,652,32,16,0.0625,7,0
hybrid_w8,653,32,16,0.0625,10,0
hybrid_w8,654,32,16,0.0625,7,0
hybrid_w8,655,32,16,0.0625,7,0
hybrid_w8,656,32,16,0.0625,7,0
hybrid_w8,657,32,16,0.0625,4,0
hybrid_w8,658,32,16,0.0625,6,0
hybrid_w8,659,32,16,0.0625,6,0
hybrid_w8,660,32,16,0.0625,4,0
hybrid_w8,661,32,16,0.0625,3,0
hybrid_w8,662,32,16,0.0625,5,0
hybrid_w8,663,32,16,0.0625,7,0
hybrid_w8,664,32,16,0.0625,9,0
hybrid_w8,665,32,16,0.0625,5,0
hybrid_w8,666,32,16,0.0625,7,0
hybrid_w8,667,32,16,0.0625,8,0
hybrid_w8,668,32,16,0.0625,10,0
hybrid_w8,669,32,16,0.0625,8,0
hybrid_w8,670,32,16,0.0625,8,0
hybrid_w8,671,32,16,0.0625,9,0
hybrid_w8,672,32,16,0.0625,5,0
hybrid_w8,673,32,16,0.0625,4,0
hybrid_w8,674,32,16,0.0625,6,0
hybrid_w8,675,32,16,0.0625,6,0
hybrid_w8,676,32,16,0.0625,6,0
hybrid_w8,677,32,16,0.0625,6,0
hybrid_w8,678,32,16,0.0625,6,0
hybrid_w8,679,32,16,0.0625,6,0
hybrid_w8,680,32,16,0.0625,9,0
hybrid_w8,681,32,16,0.0625,6,0
hybrid_w8,682,32,16,0.0625,8,0
hybrid_w8,683,32,16,0.0625,7,0
hybrid_w8,684,32,16,0.0625,8,0
hybrid_w8,685,32,16,0.0625,6,0
hybrid_w8,686,32,16,0.0625,9,0
hybrid_w8,687,32,16,0.0625,8,0
hybrid_w8,688,32,16,0.0625,4,0
hybrid_w8,689,32,16,0.0625,5,0
hybrid_w8,690,32,16,0.0625,5,0
hybrid_w8,691,32,16,0.0625,4,0
hybrid_w8,692,32,16,0.0625,4,0
hybrid_w8,693,32,16,0.0625,6,0
hybrid_w8,694,32,16,0.0625,8,0
hybrid_w8,695,32,16,0.0625,3,0
hybrid_w8,696,32,16,0.0625,4,0
hybrid_w8,697,32,16,0.0625,9,0
hybrid_w8,698,32,16,0.0625,10,0
hybrid_w8,699,32,16,0.0625,8,0
hybrid_w8,700,32,16,0.0625,8,0
hybrid_w8,701,32,16,0.0625,5,0
hybrid_w8,702,32,16,0.0625,6,0
hybrid_w8,703,32,16,0.0625,8,0
hybrid_w8,704,32,16,0.0625,4,0
hybrid_w8,705,32,16,0.0625,4,0
hybrid_w8,706,32,16,0.0625,5,0
hybrid_w8,707,32,16,0.0625,4,0
hybrid_w8,708,32,16,0.0625,5,0
hybrid_w8,709,32,16,0.0625,3,0
hybrid_w8,710,32,16,0.0625,7,0
hybrid_w8,711,32,16,0.0625,9,0
hybrid_w8,712,32,16,0.0625,7,0
hybrid_w8,713,32,16,0.0625,6,0
hybrid_w8,714,32,16,0.0625,8,0
hybrid_w8,715,32,16,0.0625,9,0
hybrid_w8,716,32,16,0.0625,6,0
hybrid_w8,717,32,16,0.0625,6,0
hybrid_w8,718,32,16,0.0625,8,0
hybrid_w8,719,32,16,0.0625,6,0
hybrid_w8,720,32,16,0.0625,5,0
hybrid_w8,721,32,16,0.0625,6,0
hybrid_w8,722,32,16,0.0625,5,0
hybrid_w8,723,32,16,0.0625,5,0
hybrid_w8,724,32,16,0.0625,6,0
hybrid_w8,725,32,16,0.0625,6,0
hybrid_w8,726,32,16,0.0625,6,0
hybrid_w8,727,32,16,0.0625,7,0
hybrid_w8,728,32,16,0.0625,6,0
hybrid_w8,729,32,16,0.0625,6,0
hybrid_w8,730,32,16,0.0625,7,0
hybrid_w8,731,32,16,0.0625,7,0
hybrid_w8,732,32,16,0.0625,7,0
hybrid_w8,733,32,16,0.0625,10,0
hybrid_w8,734,32,16,0.0625,6,0
hybrid_w8,735,32,16,0.0625,3,0
hybrid_w8,736,32,16,0.0625,4,0
hybrid_w8,737,32,16,0.0625,6,0
hybrid_w8,738,32,16,0.0625,4,0
hybrid_w8,739,32,16,0.0625,4,0
hybrid_w8,740,32,16,0.0625,6,0
hybrid_w8,741,32,16,0.0625,8,0
hybrid_w8,742,32,16,0.0625,7,0
hybrid_w8,743,32,16,0.0625,3,0
hybrid_w8,744,32,16,0.0625,8,0
hybrid_w8,745,32,16,0.0625,7,0
hybrid_w8,746,32,16,0.0625,10,0
hybrid_w8,747,32,16,0.0625,10,0
hybrid_w8,748,32,16,0.0625,7,0
hybrid_w8,749,32,16,0.0625,8,0
hybrid_w8,750,32,16,0.0625,6,0
hybrid_w8,751,32,16,0.0625,5,0
hybrid_w8,752,32,16,0.0625,6,0
hybrid_w8,753,32,16,0.0625,4,0
hybrid_w8,754,32,16,0.0625,5,0
hybrid_w8,755,32,16,0.0625,5,0
hybrid_w8,756,32,16,0.0625,4,0
hybrid_w8,757,32,16,0.0625,5,0
hybrid_w8,758,32,16,0.0625,9,0
hybrid_w8,759,32,16,0.0625,7,0
hybrid_w8,760,32,16,0.0625,5,0
hybrid_w8,761,32,16,0.0625,8,0
hybrid_w8,762,32,16,0.0625,9,0
hybrid_w8,763,32,16,0.0625,7,0
hybrid_w8,764,32,16,0.0625,8,0
hybrid_w8,765,32,16,0.0625,7,0
hybrid_w8,766,32,16,0.0625,4,0
hybrid_w8,767,32,16,0.0625,5,0
hybrid_w8,768,32,16,0.0625,6,0
hybrid_w8,769,32,16,0.0625,5,0
hybrid_w8,770,32,16,0.0625,5,0
hybrid_w8,771,32,16,0.0625,5,0
hybrid_w8,772,32,16,0.0625,7,0
hybrid_w8,773,32,16,0.0625,4,0
hybrid_w8,774,32,16,0.0625,7,0
hybrid_w8,775,32,16,0.0625,7,0
hybrid_w8,776,32,16,0.0625,8,0
hybrid_w8,777,32,16,0.0625,8,0
hybrid_w8,778,32,16,0.0625,10,0
hybrid_w8,779,32,16,0.0625,7,0
hybrid_w8,780,32,16,0.0625,8,0
hybrid_w8,781,32,16,0.0625,7,0
hybrid_w8,782,32,16,0.0625,4,0
hybrid_w8,783,32,16,0.0625,5,0
hybrid_w8,784,32,16,0.0625,5,0
hybrid_w8,785,32,16,0.0625,3,0
hybrid_w8,786,32,16,0.0625,3,0
hybrid_w8,787,32,16,0.0625,3,0
hybrid_w8,788,32,16,0.0625,7,0
hybrid_w8,789,32,16,0.0625,9,0
hybrid_w8,790,32,16,0.0625,5,0
hybrid_w8,791,32,16,0.0625,7,0
hybrid_w8,792,32,16,0.0625,9,0
hybrid_w8,793,32,16,0.0625,9,0
hybrid_w8,794,32,16,0.0625,9,0
hybrid_w8,795,32,16,0.0625,7,0
hybrid_w8,796,32,16,0.0625,5,0
hybrid_w8,797,32,16,0.0625,7,0
hybrid_w8,798,32,16,0.0625,5,0
hybrid_w8,799,32,16,0.0625,5,0
hybrid_w8,800,32,16,0.0625,5,0
hybrid_w8,801,32,16,0.0625,6,0
hybrid_w8,802,32,16,0.0625,5,0
hybrid_w8,803,32,16,0.0625,4,0
hybrid_w8,804,32,16,0.0625,6,0
hybrid_w8,805,32,16,0.0625,9,0
hybrid_w8,806,32,16,0.0625,6,0
hybrid_w8,807,32,16,0.0625,7,0
hybrid_w8,808,32,16,0.0625,9,0
hybrid_w8,809,32,16,0.0625,8,0
hybrid_w8,810,32,16,0.0625,9,0
hybrid_w8,811,32,16,0.0625,6,0
hybrid_w8,812,32,16,0.0625,6,0
hybrid_w8,813,32,16,0.0625,4,0
hybrid_w8,814,32,16,0.0625,4,0
hybrid_w8,815,32,16,0.0625,5,0
hybrid_w8,816,32,16,0.0625,3,0
hybrid_w8,817,32,16,0.0625,4,0
hybrid_w8,818,32,16,0.0625,6,0
hybrid_w8,819,32,16,0.0625,8,0
hybrid_w8,820,32,16,0.0625,4,0
hybrid_w8,821,32,16,0.0625,3,0
hybrid_w8,822,32,16,0.0625,8,0
hybrid_w8,823,32,16,0.0625,6,0
hybrid_w8,824,32,16,0.0625,8,0
hybrid_w8,825,32,16,0.0625,10,0
hybrid_w8,826,32,16,0.0625,7,0
hybrid_w8,827,32,16,0.0625,7,0
hybrid_w8,828,32,16,0.0625,8,0
hybrid_w8,829,32,16,0.0625,4,0
hybrid_w8,830,32,16,0.0625,5,0
hybrid_w8,831,32,16,0.0625,7,0
hybrid_w8,832,32,16,0.0625,4,0
hybrid_w8,833,32,16,0.0625,5,0
hybrid_w8,834,32,16,0.0625,4,0
hybrid_w8,835,32,16,0.0625,8,0
hybrid_w8,836,32,16,0.0625,9,0
hybrid_w8,837,32,16,0.0625,7,0
hybrid_w8,838,32,16,0.0625,7,0
hybrid_w8,839,32,16,0.0625,8,0
hybrid_w8,840,32,16,0.0625,9,0
hybrid_w8,841,32,16,0.0625,7,0
hybrid_w8,842,32,16,0.0625,7,0
hybrid_w8,843,32,16,0.0625,7,0
hybrid_w8,844,32,16,0.0625,7,0
hybrid_w8,845,32,16,0.0625,3,0
hybrid_w8,846,32,16,0.0625,7,0
hybrid_w8,847,32,16,0.0625,7,0
hybrid_w8,848,32,16,0.0625,6,0
hybrid_w8,849,32,16,0.0625,6,0
hybrid_w8,850,32,16,0.0625,5,0
hybrid_w8,851,32,16,0.0625,4,0
hybrid_w8,852,32,16,0.0625,9,0
hybrid_w8,853,32,16,0.0625,8,0
hybrid_w8,854,32,16,0.0625,8,0
hybrid_w8,855,32,16,0.0625,9,0
hybrid_w8,856,32,16,0.0625,8,0
hybrid_w8,857,32,16,0.0625,6,0
hybrid_w8,858,32,16,0.0625,7,0
hybrid_w8,859,32,16,0.0625,6,0
hybrid_w8,860,32,16,0.0625,4,0
hybrid_w8,861,32,16,0.0625,5,0
hybrid_w8,862,32,16,0.0625,7,0
hybrid_w8,863,32,16,0.0625,2,0
hybrid_w8,864,32,16,0.0625,4,0
hybrid_w8,865,32,16,0.0625,6,0
hybrid_w8,866,32,16,0.0625,7,0
hybrid_w8,867,32,16,0.0625,8,0
hybrid_w8,868,32,16,0.0625,5,0
hybrid_w8,869,32,16,0.0625,7,0
hybrid_w8,870,32,16,0.0625,9,0
hybrid_w8,871,32,16,0.0625,9,0
hybrid_w8,872,32,16,0.0625,11,0
hybrid_w8,873,32,16,0.0625,7,0
hybrid_w8,874,32,16,0.0625,8,0
hybrid_w8,875,32,16,0.0625,9,0
hybrid_w8,876,32,16,0.0625,4,0
hybrid_w8,877,32,16,0.0625,6,0
hybrid_w8,878,32,16,0.0625,5,0
hybrid_w8,879,32,16,0.0625,8,0
hybrid_w8,880,32,16,0.0625,6,0
hybrid_w8,881,32,16,0.0625,3,0
hybrid_w8,882,32,16,0.0625,6,0
hybrid_w8,883,32,16,0.0625,7,0
hybrid_w8,884,32,16,0.0625,6,0
hybrid_w8,885,32,16,0.0625,6,0
hybrid_w8,886,32,16,0.0625,9,0
hybrid_w8,887,32,16,0.0625,9,0
hybrid_w8,888,32,16,0.0625,9,0
hybrid_w8,889,32,16,0.0625,6,0
hybrid_w8,890,32,16,0.0625,7,0
hybrid_w8,891,32,16,0.0625,7,0
hybrid_w8,892,32,16,0.0625,4,0
hybrid_w8,893,32,16,0.0625,6,0
hybrid_w8,894,32,16,0.0625,5,0
hybrid_w8,895,32,16,0.0625,5,0
hybrid_w8,896,32,16,0.0625,4,0
hybrid_w8,897,32,16,0.0625,9,0
hybrid_w8,898,32,16,0.0625,4,0
hybrid_w8,899,32,16,0.0625,6,0
hybrid_w8,900,32,16,0.0625,8,0
hybrid_w8,901,32,16,0.0625,8,0
hybrid_w8,902,32,16,0.0625,11,0
hybrid_w8,903,32,16,0.0625,8,0
hybrid_w8,904,32,16,0.0625,7,0
hybrid_w8,905,32,16,0.0625,8,0
hybrid_w8,906,32,16,0.0625,7,0
hybrid_w8,907,32,16,0.0625,2,0
hybrid_w8,908,32,16,0.0625,5,0
hybrid_w8,909,32,16,0.0625,6,0
hybrid_w8,910,32,16,0.0625,4,0
hybrid_w8,911,32,16,0.0625,3,0
hybrid_w8,912,32,16,0.0625,6,0
hybrid_w8,913,32,16,0.0625,7,0
hybrid_w8,914,32,16,0.0625,9,0
hybrid_w8,915,32,16,0.0625,5,0
hybrid_w8,916,32,16,0.0625,6,0
hybrid_w8,917,32,16,0.0625,10,0
hybrid_w8,918,32,16,0.0625,11,0
hybrid_w8,919,32,16,0.0625,12,0
hybrid_w8,920,32,16,0.0625,6,0
hybrid_w8,921,32,16,0.0625,7,0
hybrid_w8,922,32,16,0.0625,7,0
hybrid_w8,923,32,16,0.0625,6,0
hybrid_w8,924,32,16,0.0625,5,0
hybrid_w8,925,32,16,0.0625,6,0
hybrid_w8,926,32,16,0.0625,5,0
hybrid_w8,927,32,16,0.0625,6,0
hybrid_w8,928,32,16,0.0625,5,0
hybrid_w8,929,32,16,0.0625,7,0
hybrid_w8,930,32,16,0.0625,9,0
hybrid_w8,931,32,16,0.0625,5,0
hybrid_w8,932,32,16,0.0625,5,0
hybrid_w8,933,32,16,0.0625,10,0
hybrid_w8,934,32,16,0.0625,12,0
hybrid_w8,935,32,16,0.0625,8,0
hybrid_w8,936,32,16,0.0625,10,0
hybrid_w8,937,32,16,0.0625,7,0
hybrid_w8,938,32,16,0.0625,5,0
hybrid_w8,939,32,16,0.0625,3,0
hybrid_w8,940,32,16,0.0625,7,0
hybrid_w8,941,32,16,0.0625,5,0
hybrid_w8,942,32,16,0.0625,4,0
hybrid_w8,943,32,16,0.0625,7,0
hybrid_w8,944,32,16,0.0625,7,0
hybrid_w8,945,32,16,0.0625,3,0
hybrid_w8,946,32,16,0.0625,3,0
hybrid_w8,947,32,16,0.0625,8,0
hybrid_w8,948,32,16,0.0625,7,0
hybrid_w8,949,32,16,0.0625,9,0
hybrid_w8,950,32,16,0.0625,8,0
hybrid_w8,951,32,16,0.0625,3,0
hybrid_w8,952,32,16,0.0625,7,0
hybrid_w8,953,32,16,0.0625,7,0
hybrid_w8,954,32,16,0.0625,5,0
hybrid_w8,955,32,16,0.0625,4,0
hybrid_w8,956,32,16,0.0625,5,0
hybrid_w8,957,32,16,0.0625,5,0
hybrid_w8,958,32,16,0.0625,6,0
hybrid_w8,959,32,16,0.0625,5,0
hybrid_w8,960,32,16,0.0625,9,0
hybrid_w8,961,32,16,0.0625,7,0
hybrid_w8,962,32,16,0.0625,6,0
hybrid_w8,963,32,16,0.0625,7,0
hybrid_w8,964,32,16,0.0625,11,0
hybrid_w8,965,32,16,0.0625,11,0
hybrid_w8,966,32,16,0.0625,6,0
hybrid_w8,967,32,16,0.0625,9,0
hybrid_w8,968,32,16,0.0625,9,0
hybrid_w8,969,32,16,0.0625,7,0
hybrid_w8,970,32,16,0.0625,5,0
hybrid_w8,971,32,16,0.0625,6,0
hybrid_w8,972,32,16,0.0625,4,0
hybrid_w8,973,32,16,0.0625,6,0
hybrid_w8,974,32,16,0.0625,5,0
hybrid_w8,975,32,16,0.0625,6,0
hybrid_w8,976,32,16,0.0625,6,0
hybrid_w8,977,32,16,0.0625,8,0
hybrid_w8,978,32,16,0.0625,7,0
hybrid_w8,979,32,16,0.0625,7,0
hybrid_w8,980,32,16,0.0625,10,0
hybrid_w8,981,32,16,0.0625,7,0
hybrid_w8,982,32,16,0.0625,8,0
hybrid_w8,983,32,16,0.0625,8,0
hybrid_w8,984,32,16,0.0625,6,0
hybrid_w8,985,32,16,0.0625,4,0
hybrid_w8,986,32,16,0.0625,3,0
hybrid_w8,987,32,16,0.0625,5,0
hybrid_w8,988,32,16,0.0625,2,0
hybrid_w8,989,32,16,0.0625,3,0
hybrid_w8,990,32,16,0.0625,6,0
hybrid_w8,991,32,16,0.0625,5,0
hybrid_w8,992,32,16,0.0625,7,0
hybrid_w8,993,32,16,0.0625,6,0
hybrid_w8,994,32,16,0.0625,8,0
hybrid_w8,995,32,16,0.0625,9,0
hybrid_w8,996,32,16,0.0625,10,0
hybrid_w8,997,32,16,0.0625,9,0
hybrid_w8,998,32,16,0.0625,6,0
hybrid_w8,999,32,16,0.0625,8,0
