feature_shard_path,utterance_count,unique_speakers,min_utterances_per_represented_speaker,max_utterances_per_represented_speaker,dominant_speaker_utterance_count,dominant_speaker_share,feature_indexes_valid_and_unique
train/shard_00000.pt,256,7,5,74,74,0.2890625,True
train/shard_00001.pt,256,2,45,211,211,0.82421875,True
train/shard_00002.pt,256,8,3,75,75,0.29296875,True
train/shard_00003.pt,256,4,3,112,112,0.4375,True
train/shard_00004.pt,256,6,10,82,82,0.3203125,True
train/shard_00005.pt,256,6,13,79,79,0.30859375,True
train/shard_00006.pt,256,2,80,176,176,0.6875,True
train/shard_00007.pt,256,5,3,122,122,0.4765625,True
train/shard_00008.pt,256,4,8,172,172,0.671875,True
train/shard_00009.pt,256,5,21,83,83,0.32421875,True
train/shard_00010.pt,256,5,3,197,197,0.76953125,True
train/shard_00011.pt,256,4,28,141,141,0.55078125,True
train/shard_00012.pt,256,4,5,133,133,0.51953125,True
train/shard_00013.pt,256,4,14,157,157,0.61328125,True
train/shard_00014.pt,256,4,42,84,84,0.328125,True
train/shard_00015.pt,256,3,9,195,195,0.76171875,True
train/shard_00016.pt,256,3,24,181,181,0.70703125,True
train/shard_00017.pt,256,3,60,136,136,0.53125,True
train/shard_00018.pt,256,2,112,144,144,0.5625,True
train/shard_00019.pt,256,5,10,111,111,0.43359375,True
train/shard_00020.pt,256,6,6,107,107,0.41796875,True
train/shard_00021.pt,256,5,9,157,157,0.61328125,True
train/shard_00022.pt,256,4,29,101,101,0.39453125,True
train/shard_00023.pt,256,5,22,121,121,0.47265625,True
train/shard_00024.pt,256,6,7,95,95,0.37109375,True
train/shard_00025.pt,256,5,21,100,100,0.390625,True
train/shard_00026.pt,256,5,6,153,153,0.59765625,True
train/shard_00027.pt,256,3,5,129,129,0.50390625,True
train/shard_00028.pt,256,4,22,143,143,0.55859375,True
train/shard_00029.pt,256,5,22,109,109,0.42578125,True
train/shard_00030.pt,256,6,19,114,114,0.4453125,True
train/shard_00031.pt,256,4,5,226,226,0.8828125,True
train/shard_00032.pt,256,7,13,73,73,0.28515625,True
train/shard_00033.pt,256,8,7,66,66,0.2578125,True
train/shard_00034.pt,256,5,15,99,99,0.38671875,True
train/shard_00035.pt,256,7,14,71,71,0.27734375,True
train/shard_00036.pt,256,4,7,185,185,0.72265625,True
train/shard_00037.pt,256,8,4,89,89,0.34765625,True
train/shard_00038.pt,256,5,6,94,94,0.3671875,True
train/shard_00039.pt,256,5,27,106,106,0.4140625,True
train/shard_00040.pt,256,4,7,152,152,0.59375,True
train/shard_00041.pt,256,6,13,113,113,0.44140625,True
train/shard_00042.pt,256,4,5,128,128,0.5,True
train/shard_00043.pt,256,9,4,61,61,0.23828125,True
train/shard_00044.pt,256,8,5,51,51,0.19921875,True
train/shard_00045.pt,256,5,24,114,114,0.4453125,True
train/shard_00046.pt,256,7,9,75,75,0.29296875,True
train/shard_00047.pt,256,3,35,149,149,0.58203125,True
train/shard_00048.pt,256,2,56,200,200,0.78125,True
train/shard_00049.pt,256,2,65,191,191,0.74609375,True
train/shard_00050.pt,256,5,6,120,120,0.46875,True
train/shard_00051.pt,256,8,11,71,71,0.27734375,True
train/shard_00052.pt,256,3,13,201,201,0.78515625,True
train/shard_00053.pt,256,7,5,102,102,0.3984375,True
train/shard_00054.pt,256,3,25,198,198,0.7734375,True
train/shard_00055.pt,256,7,12,90,90,0.3515625,True
train/shard_00056.pt,256,2,22,234,234,0.9140625,True
train/shard_00057.pt,256,1,256,256,256,1.0,True
train/shard_00058.pt,256,5,3,203,203,0.79296875,True
train/shard_00059.pt,256,6,6,94,94,0.3671875,True
train/shard_00060.pt,256,4,4,193,193,0.75390625,True
train/shard_00061.pt,256,3,10,195,195,0.76171875,True
train/shard_00062.pt,256,5,15,86,86,0.3359375,True
train/shard_00063.pt,256,9,5,112,112,0.4375,True
train/shard_00064.pt,256,1,256,256,256,1.0,True
train/shard_00065.pt,256,5,4,147,147,0.57421875,True
train/shard_00066.pt,256,12,5,96,96,0.375,True
train/shard_00067.pt,256,2,84,172,172,0.671875,True
train/shard_00068.pt,256,9,4,87,87,0.33984375,True
train/shard_00069.pt,256,5,5,180,180,0.703125,True
train/shard_00070.pt,256,14,7,54,54,0.2109375,True
train/shard_00071.pt,256,3,6,188,188,0.734375,True
train/shard_00072.pt,256,1,256,256,256,1.0,True
train/shard_00073.pt,256,1,256,256,256,1.0,True
train/shard_00074.pt,256,1,256,256,256,1.0,True
train/shard_00075.pt,256,1,256,256,256,1.0,True
train/shard_00076.pt,256,3,5,154,154,0.6015625,True
train/shard_00077.pt,256,5,3,133,133,0.51953125,True
train/shard_00078.pt,256,15,5,81,81,0.31640625,True
train/shard_00079.pt,256,12,5,52,52,0.203125,True
train/shard_00080.pt,256,22,5,33,33,0.12890625,True
train/shard_00081.pt,256,8,4,90,90,0.3515625,True
train/shard_00082.pt,256,6,5,111,111,0.43359375,True
train/shard_00083.pt,256,1,256,256,256,1.0,True
train/shard_00084.pt,256,1,256,256,256,1.0,True
train/shard_00085.pt,256,1,256,256,256,1.0,True
train/shard_00086.pt,256,1,256,256,256,1.0,True
train/shard_00087.pt,256,1,256,256,256,1.0,True
train/shard_00088.pt,256,1,256,256,256,1.0,True
train/shard_00089.pt,256,11,5,92,92,0.359375,True
train/shard_00090.pt,256,5,10,120,120,0.46875,True
train/shard_00091.pt,256,1,256,256,256,1.0,True
train/shard_00092.pt,256,2,105,151,151,0.58984375,True
train/shard_00093.pt,256,5,5,159,159,0.62109375,True
train/shard_00094.pt,256,3,7,236,236,0.921875,True
train/shard_00095.pt,256,6,6,107,107,0.41796875,True
train/shard_00096.pt,256,7,8,70,70,0.2734375,True
train/shard_00097.pt,256,8,6,130,130,0.5078125,True
train/shard_00098.pt,256,4,5,133,133,0.51953125,True
train/shard_00099.pt,256,5,5,162,162,0.6328125,True
train/shard_00100.pt,256,18,2,34,34,0.1328125,True
train/shard_00101.pt,256,15,5,87,87,0.33984375,True
train/shard_00102.pt,256,14,3,100,100,0.390625,True
train/shard_00103.pt,256,9,4,167,167,0.65234375,True
train/shard_00104.pt,256,1,256,256,256,1.0,True
train/shard_00105.pt,256,1,256,256,256,1.0,True
train/shard_00106.pt,256,2,65,191,191,0.74609375,True
train/shard_00107.pt,256,1,256,256,256,1.0,True
train/shard_00108.pt,256,2,70,186,186,0.7265625,True
train/shard_00109.pt,256,2,29,227,227,0.88671875,True
train/shard_00110.pt,256,7,5,121,121,0.47265625,True
train/shard_00111.pt,256,2,105,151,151,0.58984375,True
train/shard_00112.pt,256,1,256,256,256,1.0,True
train/shard_00113.pt,256,1,256,256,256,1.0,True
train/shard_00114.pt,256,1,256,256,256,1.0,True
train/shard_00115.pt,256,2,42,214,214,0.8359375,True
train/shard_00116.pt,256,1,256,256,256,1.0,True
train/shard_00117.pt,256,1,256,256,256,1.0,True
train/shard_00118.pt,256,1,256,256,256,1.0,True
train/shard_00119.pt,256,5,13,103,103,0.40234375,True
train/shard_00120.pt,256,3,38,156,156,0.609375,True
train/shard_00121.pt,256,4,11,126,126,0.4921875,True
train/shard_00122.pt,256,3,19,212,212,0.828125,True
train/shard_00123.pt,256,6,3,211,211,0.82421875,True
train/shard_00124.pt,254,8,3,190,190,0.7480314960629921,True
