speaker_id,split,ranking_sha256
1,validation,d6d271eca8aafcd26c06cc0a9586ea8177653be2450ab7d1716ab86e1d28ff67
2,final_test,fce7320cc9c87be7c98d9f648b81a397e1bc5b65fd62f6d3bc7bfa527724ab84
3,train,604e568f8f931b6a331bcbb7dced00ed48f9e4f3e3c6d4f8e89c3b3d13fa05f6
4,train,095b6a754072d3d05e458bf1e1baecae3f9316f2a56673ad0daa485c6573446d
5,train,4b616f949844a3278aaaddcc30810fb79ac61e17a0de2fe05f5a3f681c0fc288
6,train,027357000a342a06f6711127d91eef48544741440b229638a514dd81aaedfd18
7,train,7ebcab57d8ae428fdacf90dbe4464917bd44c06b4a0673f01118bf05d47a446d
8,train,53e87593e5f56321dc675ae1b6cf6ea2d25373e2ab74dc4215ff82549526fd01
9,validation,da6023123a71eccd90b4d3f0f45658b8c5f2383877b5e2de80b2949d55e29a80
10,train,39261729c342db43701420be331b4eca5536c282370eec09f84e406e51837c24
11,train,d0cfcfa1660a89eca10d55553f61ba2902f22587636c9ed21f3df048b7349d59
12,train,13a4dba61ceb68ddd977c74787bd2e5b22f25696d94192b551005589d88f79bf
13,final_test,f3ae2ab37914eadfa143c70dfd1f3942a03a78ff53a18242454901104bcadc79
14,train,916591f782d60c98c85038423b13dc54cc2a92ea694d4439fb970670aea6b425
15,train,cb90770156a4fffc9561c1517115a670b9001a2bf0f397913a897031448bf4e7
16,train,d304fb0053c9a79d9385cd746e424708f5c245f02d051252f3163f38036ff485
17,train,0f3cf492fddc262f99d4a8fae45e7f67f1c8ead5d75c661b678aa8a17241beb4
18,train,b3211cdd1a55e2ae0a75a54318750b45349957bebd9815662853da640424fee2
19,train,43f87e136629d45815aa07d20db1a0c1654104bb943c2548b16e23f8ad7d6655
20,train,b3cdc822655689f692c1935f8d33c4b949b82782c08e80ae05b3211fb2731655
21,validation,db1ff33aae085bd203e13fab564c37e1941df407b630faba65701cf8646fe1f1
22,train,b2be0495cb089fe6cbb78b0cea3eadfe038c0bfeacb33370cad059c5150a58ff
23,train,36efa784ec3e18cf097101e401872a8390599c2f3dae2ce47bb56e3ad456b87d
24,train,2ad2b1e1857ec13fc2fcb9c2eb37e9529949b7d4a128611425ddd1f36cfdb6cb
25,train,b392d439100f432a926cc3ec527d6920307e4e70353a944da53af36f512dd0bd
26,train,72d49a179fb734b15e3df776c5e86262b6e927bc2c6ff87366dc54cbccb01db6
27,train,7f936ec5b9e919417fceb744849130b6cd2e5a8d1e79e1e1a4a5849449ff74c6
28,train,67f3b090ba59cd89f9ed96dff2d906f56159a39e0865c30561ff34f677c3a27b
29,train,8fa5e9555fc3f97b29dcb9bd2f8d71b00a8a2684d480aead13587d5054efddb6
30,train,88c7bc4a1dd8efbe9f89fea8e0722e67428f0e4527e580253509af6996bfe5c2
31,final_test,f9832041e74e66fae925113cde11fe8aeaa3d8ecceb62822289769288f488198
32,train,4f78cf7c7a9568c65a02b1d0cf622bfc149e0f55f4e212d7b5d00223254a72b5
33,train,ccf7452a51a587bdb45a2c0c188fd777b5cd95d5c131382c78fe5d7887cc480c
34,final_test,f495fbe86182953fe85f9d57f3b0f5a262a97959005fdd3fe92ec7fb1d596292
35,train,0567d068bbbe7b32b6c5622cfde3c09d951882710c1bc2d5e4b66ec8b1592094
36,train,1d84ca6898c722423622c8e6cc79d7a0019f0fccb24a5340e62f2bc7e3307539
37,train,9cdec356015ad468677cf2ad8fabfd02fc9445254777659078b2c0e5ecf7a66e
38,train,2baf99ef1f87da6dc5562ffa22bcc8f02f13f276756b677c1f5fd759db416346
39,train,697f0a4f4d57a35a248c2beb830c17d991f7da97288b6142e3a35aa7e9b99030
40,train,79ffa06b303c00f3669f034dc6e38cdb65b5465b997842011f04c2086651b789
41,train,7ea7bd74ce4d3a28675c5965b165bd9d45ad854808fb72f375432f567e19a024
42,train,576e8087a5f3194fb32df7a942679f09aeb4bdc207e6f898fb71ce934d3b98b7
43,validation,e9d224036bf901224e6777b87a5c5d19f826a8ec2d8a9fa035f0763411424393
44,validation,d6362b55cee9173e64266bc7cde63f3aa9f722e41e5a08087b6eedfa46750188
45,train,1d98fef54d8883ae0ef40c21ce418de8debcc677b63d81a332a3d4fc703299bc
46,train,5f3d071a86705ba94ff74434b174cb278e6e2b6bccfc2e122e498cb2dc64f0b2
47,train,9f482a8094b7d51748ac651c399a1d674d578d5d2a6be4881469415cd06f39fb
48,train,2732e81c94bfb5737dea5b9e688db4609a19bb75bc2d81c3de8c8f85d5c5226c
49,train,b0fe4c3e4fcb4d79a309b215ef34f5c51e18b5ed611c2460d3231ec296a16449
50,final_test,f5253d24d09a7c34207f5bc652ea4b1f6c596267113065c56042712eb7ca0a1e
51,train,2e67f0e2de4b6041178e0a49d651aaeb17eceb7894bfc2f771d5517108dd559c
52,train,19b24f804bc2005fa1fd6e79bdb20d88afc6052189e5656f592e53b727cd2ea5
53,train,4b51fef7f6c88e88a296a8de1ffe9b503ea1313fe782a495289f356bee25e920
54,train,235b58d1c37374dba57f6607889f8825bd474e671d3802d663b09956ea6d116a
55,train,7b5d5efd801861a3334e96644c40e30b848e06708e68f48ec7212a1f3122025e
56,train,455fb3b53f1fa95f75ba87ef0689fcc496a52d475c9515fa2d07033af98b4c3c
57,train,52a9987e84da600ea01c2d0a5ed36064c08c1232e97a3b1d6b0ddc55651d3b73
58,train,33b1306e5a657077ad3ce7d91af8fd017d43214ea81d601fe53d7626ef9faf25
59,validation,dfaca336a913d051642778f1c58e53b3a088e37952bd9c7a2579afcb7a24e43f
60,train,20ac4cb3573510279bc4d49bf5dcc3e522446a13c234f85109721ddec6d14d71
61,final_test,f930011c05b56f59dedaf4f5c9e51c0f783ef210f417752cb994a94061055d4d
62,train,1a8e0a2d8d5454f7bb3a69cbc8552f60274896acbae18fafb5fa171a8ae0c3b6
63,train,1e69b6c05caa25e10abc58493f42a45cbcc3f5a2a6c832ef8f2c357eed67ba84
64,train,7e7db790fce6767b2a0b57b669d0af4ee7ebff368c107cc447ca8dc14397dfa7
65,final_test,f331eeb9ea8d22fe3d77c2b8366dc4722a1460e78133cd657908d22bca8f9274
66,train,2edf5bf6d3ebaa2d9f26336afc498f36ff8182b130cd2cead5871a02042a389d
67,train,56d9affdb24d7278e749eb5b3ea9a7e0568dfdaf0aaa22a53a712bf087b4b808
68,final_test,f5306068820b4ff5c61f18b99dd48fdcecc6783679518ac926f4f33f3fe9fd80
69,final_test,f308726be4f00946736f744ab93113cc4feb1274528f7ac10ddde91a8809089f
70,train,223b63adbef48d3724f25470147b796474086a2bfc330faf7f9d54c5229378c8
71,train,17cc511f308e0a2de3626a9e6307484a801498ea0346eae342fdb315f096b42e
72,train,89b20b64e683b7aea3a7e9557c230daa32bedaa9301bc5014b342fe7653e00b2
73,train,0adde0983b57a1a095781d4d3d5e38409f26b9f962ce992642597305123bafe9
74,final_test,eeae4fef5935d9268d9ac13e3c872424c943b4be459304cac6825027498b107a
75,final_test,fc3f40884d86a8584afaa23fcc6fadaff3993e2ad74652ca7d87976b317a245b
76,train,2e75ebcf6c0895aa57f81265d48cb69317556bb4149ce01b13ed73d0c2821217
77,train,6ac159f1945dd2294f49b9bfc9800e682cf3a25c455fa5c94da07c3843523e5a
78,train,99733dd0c48fa1ce6bdab6f3c94bbc2ed858425732f8989a4e20d85ed7d4eb8a
79,train,6e5d6bb78293c2a2423a6544dea99fb59b763ddb46a54316978fbc36175f66b1
80,train,2610edfc9fc14cb22c7147b32a645d87e04b70addc477f13070fb8d3295898ce
81,validation,e1e95b8564c565998681f0bed1cc8736c2a0dc9e3c46d54ecfb05396e5fa4cc0
82,train,401f0bcc106e19d63119d86334115330466e200c1c0020778ea13b5619e035bb
83,train,51ed8233dde9661c6362f635fca2b8a23e3be72bf0d6e2db1c158ea9a908bbd0
84,train,8cc5b30c62c706d1c2b4fbe8d0de3b5667be5a00e507aee58fdcb5b836c8c542
85,train,1266eece895f7aba74bdad9c8ab5f3c4d7e2aef109fca3bfccb1a823f8b248c1
86,train,391a1f6a3e428ae799a7a5195e8a0e1bb9a30007c5a90e4b58586dceeb7d7434
87,final_test,f8c38f8b9ea97367c96f65b5a1437fa7478bf84146ed822e2786ba3d3ea082d6
88,train,1b8eb5858d04cb5e7e3a10c60d02bc040bbc4880afabbd74637261f49a225356
89,validation,e71f543c7d7b0167363ff517b8ca691815ada0b105c77d5c6a0317ca681c1e54
90,validation,dcc7ef166f8fd309d0453b4ffd5f137f498af0d8b763d5bd1a2b7019f3613eb2
91,train,b9c6563748a0a1725884b6d064512049750c6b1145d0187fee18766cb036a700
92,train,5f965b6ec266f7cf45676451f91a075621aebd0a0b9390d81cff3fd6b43bed42
93,train,c311132f331269cbf9d66b7707842c7a273b4cfc4564a228045ea0037e1f4bb9
94,train,4aab5cb6a1f54e20fe3608fe0b854a581adf45b2b378795188fd3c9772afaafd
95,train,8d61f45b0e8115dcdc71a5601e90e2a1e772f178575f1567346d740c7eb15f81
96,train,36cb79cda2555d29819d5842aafa255957f91e9d06b6b6805d844d96b13edc48
97,train,6ffe2ee768f912d842b10e668c7a822ad8cbaffe2b6a3681110d02f21fc7100f
98,train,c804975c869572ada056c5e6c05243daa2ba7dc3f52674b721028d5021da8afa
99,final_test,ee04f0b19e4abf9572aa9a609919e14371bb1aa41c6f6623524d2bdf24af6c83
100,train,d486c3420c65565f728fecbb8b8269ade108162669693dd6aab8635dba952f60
101,train,9e8923e8c12319da90c289c8e9e4d5e4b6ee57264f1554448194d0818a735c1e
102,train,b194176138d5af119af4dddba4d8665e21161973a41da01d464798e24fd65843
103,train,ae28f942a4c73bdada78dd8813a42335defde8c4cd7145082427ad535fc7ac83
104,final_test,fc5641969ec2dc64685bd3844c8a95abea5ab775dcc54578d4a2dc7af925dc3a
105,train,671c33520cb1a3f591f03876f82025a03da5b2ddfe177cb7aad754390d46725d
106,train,7e7aad1847134d8726d63935c6435b8d65e0cdce92eb1b1756c6e65b2b1aaa30
107,train,6b9e3adb8d6f47aa4e14a374501d83612b31a69e98cd89f3b846504eb6930614
108,train,bf35ba89624924f481155b3e31808a758f09620fd2ec1163816f983eeff72099
109,train,201e6a29f805e49a07ae34243c68cc1cd7faf1a18308dbd86f2c49291490c7c4
110,train,262c19584b37fdee483b5560007c85642ef76409f2c537cdb8ff6458304daae0
111,train,4aa182d21533bffd172bf3282dd2c4e540ae5ee81bbfe393aacfe553756f0976
112,train,85cf6b8ed5835f3b4ebfcf734e6db1353b9c3f5f2a77b693e36e7c9468ae1088
113,train,3fac57f1ac8c48a10c0e5dc915615bf0f1c47e3fc89c472a96c63461a2dbb938
114,train,99e4ed3feb0e0d7faab9ca4a7b29073ec9f4bac02fa96e1fba7eedddc2e1bb47
115,train,629ba7c3032d594e1f718a7e69dca317caeb3dcbdd2071e272a41c92baaf9ba2
116,train,9896a9c868d95c875625ece4d2544f53ccd4be13a9d0efc08427838e68ceecaa
117,final_test,f102fae12b4ddcdff395c1186e20fb205436f97a7cb7c99b0adbf13889a9f9f4
118,train,69961deddba665566d5d55408ee4a4b79b2d8659a6fd3bbcb1bfb1ca45a166ea
119,validation,eab87917ac9b8605bcf012e98e47f408ca3fb4688cd801a709730d109130ca44
120,train,910518f05bd7428ecd132d76f84084ea45405473a4dcbea2b9689ebb9be5760f
121,train,53515b9a23ae7234571bd7ef5af04115d49a6d2c9575efa019764ec5254d809b
122,train,6fb547c7dd8702c781e9594ae775132426cf9c64288d5900a08e728bedd8b3bc
123,train,8791c091fb693f6c912600203336776356a981283adf1985c2df8ed91855593f
124,train,d03b40f3a9d8271b9edebe7c8a35e95221501cebd6c4e8030996f1c47353bcb5
125,validation,d75426ca64d288814fd4e6fa69d44717d770b34f0766b4d8635bc9f42558977f
126,train,0067638003a3c18626bde54306e0836cafb064a6341bab732f29649a4313bc93
127,train,1a98c7a03bf2526cf80df33fc55a7c4247aa6463520eb3c504a1ba87661cb11f
128,validation,e4ef906cec5fdeeafe73c6f6b850d92b474a4765561ee9c9f75b737cdcda58a0
129,train,24d61dc691b51b5c76f83e6b33d5b179cfcf2f70fed2fd7a7e65ee534e1cf90e
130,validation,de5276bc61c7755ce55cf716258def99155d16f5ba12c6b69fa51e527ab56481
131,train,8ac61573ffb08b8d16c3fad4b3672ab0c8e49e49fa9e9170fe2d34d7328ed4cd
132,final_test,ffcefb311af69612c672d473571a042bca4a9ac42d54fa91cf4a3a523db8d202
133,train,a775d89c0814c91fab50653dc3210b7e3395de6c0e7d20d14f4cf8536d244a1b
134,train,36f089293d630c69c83a078c4929de5ce8fe86338ef2eef7a93e60211b4bde43
135,train,a561f510d2567f8e77327437bad6c6654583fe14175db2a8ac34c83809bbeff4
136,train,34b8ca96f02bf79e20bc730d175db62604318aab8d9d837b3fa68ecc1fe1e52d
137,train,29267b01dc9617a9abf6c8394ab4817cb9478bf0c112891f294c9eabe24bd8cf
138,train,cdfa8bcd27945c73d9c2a428badca09bb8fd8297b467ed1cbf223f2b53cd886c
139,train,4b527d6dcd5b231d0ed7f75486d010da7a628263358e2ff060b4e1cda68a8424
140,train,bf7d9ac21170580b7b0aec69d0404e6fa788b45ce62b83ee61f4ec2197546fab
141,train,a8a2b1bee2f99e5ec75ff8e557fd3dd3de1a4331ae40abbe4d13ac48392810e3
142,train,2f09b5db6cd4b773ede2fca7dbd4ccd7ca8d003b9e02aaceba4326d6a25a8f8b
143,train,315257c5523dd68c81b4e38502f8e6071eb829c6d07b509de383250e1af38bb6
144,validation,e24ca11c255fff89faaafa36932af4def2b5b0d2f47f1f6d3e8f9311a69b7b50
145,train,6d736234e4714d9bf5b3c05132723a59c41c555eef4577bd031f98321d6b520e
146,final_test,fffd134f86de5c4a1678a5be5846afbbf54ed0964ee072b64ea5f48b8ca3621c
147,train,62778b1838f0014544b29c28914c7390f6df499cdab519bccded5e3aea8e2239
148,train,cd710133d9b432e2074d76b926b2469b651459e897c0af8e794636f2a480db87
149,train,0df5c54da94e5d8491771bd3282393507d4ca22ac93654792e871d9504a25751
150,final_test,f483eec9d95cd8256a4d6f7931cb60c5705bd74833ffc93bb096d8c70bbbc5c8
151,train,aa3cace3edfd59d241764d9600d3737c5934324b8f9776d1e7a03747c4e25a1c
152,train,79223565874b6e6f40f65f3779b2dab4cfcb0c2272a73a45cfcdce00ece4eedb
153,validation,e87b554b45a6b12ffd1f5c9dd03326078212e79e01efc0cc4204df147c84a798
154,validation,e19dfffe30dbc7146b83873489cbd79a6dc1be42b4914c83429abbceb18a74bb
155,train,c83602bd5c7248aec8687f34d3b14046563fe9ae3c2572280f2cd0756203c82d
156,train,24775855689e9cb98e1be50c091be360d340278273dc88f619cbe075882314c8
157,train,33eefa9fa57ad5e25be72147d9495b358394bd5871f4fdec5c4b37043d818900
158,validation,d6da422e9d3bb02205b6c757cd1f74710ce43c3035e4317aaa9fa84a4016e7a4
159,train,b7990ee40d02ea1708a8ffe9be9346db96076db945db88ab69edb0cf1696db6e
160,train,9b769678f2576f462f5f486e07eb7c948e3a823d75f2248d05de1d5ff47705cb
161,train,5cda9571535e9dfb89138a5980580994f0e955cce4792ba0f43bd2e5856e4ddb
162,train,298e26a754529666a961a898a5d2d34c595c38b95939aa1db4edd74fe0de06fe
163,train,54b81b431e2c5d1d81e20875437ef6dd04e58149b6a076d731f69b674a1e2070
164,validation,e91e2ea2a5f2d4566c5d9ecf1c75e92a5e32f6d0f40e66630e1bc54dd7715e91
165,train,9c1c8e16f14aa5eddb7a7ef439cbbb4d15a81693f74740a9a5b36e068d41d092
166,train,8e4cd2db7890d7a904d6ff8afb73b903c8aaccbff879947e28b000a9fb126b2f
167,validation,e36e24293028b43c3eb277c6b4dd52ba70ca89f79d43e59455d3081cff732f98
168,train,d4414c1216351adb7401f33fc5c7890a230eb0d0aec2de9155fb720d5b3697d8
169,train,cff458a0c8b52a8db13204be9a5817583138a998dbaafe06cde485618f10abc4
170,train,5808df4bce7ebd27938b563f25ded9e1a5ab1e574a0cfeb578c76934dba2d26d
171,final_test,ec039f896c6fcf4cc21f3e16bd401fd2d1055ce29151f32e7a3f65846b421978
172,train,81019c1c828261d93373a0eafe291bf7017862183594ddfd95891eae74bb2379
173,train,1616ba4e4805c0db0d83d01730fa277f1837fca4d216ab6b098483b8b62ea295
174,train,8a631522ba16c77dec75a4cedead42f36ae7a295d092a21a8a8d3deb4f32cebe
175,final_test,f9a4e2358a53a9037d39ac1dfb2ff654dec322c665a180a05bc2f25b400d0ce8
176,train,22885e220aade984325ffe461b4a81e34a4fc4a729108a4c6bb8f55a026888ec
177,train,0666aeeec29e8f5fee15103cf2e75334e1dece7e9c91eeecb5aa4b8acfc80b57
178,train,c6ec539bb2dc350c216be9099c103af3daaf86e8b03d67c1eb036e31da33c73c
179,train,c438a4932496d05f4bca6bcc28af2cd086eb89b856c59b5fce7b5ebce346d010
180,train,bc64b9b4aecb6f41f2c6ebef3a1000c8b00e91af3fe39b8ef7b7347db8163580
181,train,5a9a2d0e59738cb51a73210998e74a70008ca74f61de13d0a3c84f9f374966c1
182,validation,eafd29cdef86c9683f05c0ea912c72545499b05a3de284d609838b62074c5dfc
183,train,480a4f2a72d58da02988a4be7064424c703b7ed152b0cad4d6bea52872046ae1
184,train,ceb4a23f9b470faa57efa0d7924a1b6650cc621c6e973cc1d51d2fbe9c40bc46
185,train,9d548771cfc7abb9b11b5cf8b52214a16e884dacc5d6908b6f5995ae66a9a27b
186,final_test,f602fa9aaa1f14fdfe0e9be522650f0604e2a4a16edb35b1f193598c2da24515
187,train,cb400bb9c8351e37141f53742a166e49322f9b89258eac84e9573307e005330b
188,train,54a4c5f621d4a95e051fc5ab0d6cad1f9b50c9a7d70ed979ad1ef55a0ef17f99
189,train,0010c8f9db85bdfc81cd3456700c8681574ea2c916bcb1a7b49ad4172012bbbd
190,train,06b55fb327e1f7c66207f356cc9b38fc5352bfe3e79a0cd3bf462959002e0b4e
191,train,6c04100f2602754ddf0acc9808cab86746ff8616fbd576e950d8c730a22725ec
192,train,aab5b403faeb8579b190c92f9c19cf8bf73b43163a5eb5e84ebb63f71c1b8279
193,final_test,f7e3fed02ed3cac4fcd62732c9ef40ec4d93cf6f6b435ae96fc66caad2d7aaa2
194,train,c9fcaf83e2235c3a6a2645045ab51b852c3270f8eb9409fcd96e590e3dd54964
195,train,236f9240d18f44cbbebfef34750c01bd5a1d05d04a80b170b5c54d0c7371060f
196,train,83c181ad2594d916cadba90f17a60c5cbd482f3295486876ac7ef605819969fb
197,train,91cba3bb328fb999c9cef910b2787ac12c6ee483e4d42406d4e7ea76d44586c1
198,final_test,f7cb913cbfd82b70af67422991500586e73b72897f87eb6983a0c5cc8df7603d
199,final_test,f3f243d24659e1b015861514f141ac1c17eee8b3cdfdffa88555b3af110f2fdc
200,train,a7725da684aab4cff7f726f256ea3eaf15c2f31f3a773c5e8b2c04a690624ae2
201,train,695920f98f0a7dbca6445113b810231e90e33a306bbaad804c791cb38efd1dcb
202,validation,e8be6b6a21448144088f0b2f6b68fe0517856ec6c783647d0160b0ad11885243
203,final_test,f13e1981ab4f7128d7d0903b1e3784c829a85b4a87debf47be74eaf995a9dc8c
204,train,8e721aca95ab52af9bab8911dd050c9e083fe0cd01e5e7ac0b202b1edec7f79a
205,train,73c3a28ff90f5bc7fcdac60814fc70ff0ecadcc39c17c8174006908b7674553f
206,train,44b5de1e3b5445cb6d7e0206e2145dfecc881a010431573601017dad449d3dc2
207,train,6e642eafc352ef9ff27300fc804cc340585ebcf436c0cc078808614bb218e8de
208,final_test,fb5adb30b3b094cf60fa2084087b422c6ea55fa637e77a4fb4e8a65d50d18d7a
209,train,4867ea7bbd682ef01de386163b8e8755ece3ec669454fce77b2ec865714cdae4
210,train,2540f9d602f27d652712057fd8d9c49d389ed9acb5c9b9aed468262a05d1ed5d
211,train,c46b4e6c7e5b825d78623fe60a8f7923f96b5faa8f19092691a12887d848cf8c
212,train,5621661f7ecc819bc3d99812f15d2924ca199d28cf99432bfc4bc2ffc5c8e907
213,train,0333e2c80c32924588adc2df315c63c46baadc844f086c1dad1efd8a1861a4df
214,train,6c6c31a2eb8486828f9a5de87d685b61882a6dff15d1e29e27805a4f7eb7bc69
215,train,c7f18151560568db7f198e806c89eb0d54c51d986210dd3471949a2df4605cf2
216,train,d45679686d0bbf583a4bf8cafedac442bd96315cb77c3c0f0e8c2c71131ce947
217,train,99da831388519064af3c988335608bc0abe5db85aff42845b26e969f9174c360
218,train,9b62cc091bb79a256bb1fe579e6a12255e95c5be1c27dd7d2668e01e385650fb
219,validation,d4dd8fede25e44afadd3963fa9daa9ae1cdbf90ae3c8c659d5e2dae888eb1059
220,train,be98dc340f3aad5cb67687a40c314f24defcfcf02a597ab077e4692a04f02136
221,train,380b40c4b910ca489bb90282262f1f4bfba5b9e1727967ef5615151b35d47ac0
222,train,5890352535718fc8139040490de83c6b9dfc5311622683c2f24360def08f9c46
223,train,0d5d7ab06e4536265d9b6a0e7056f18629c0d657fe5383d327d8a977eefcb271
224,train,42251894fe7e28af93ecf477c12db22c8b276e7843948325f7fe9c375d4508f5
225,train,a7b2b114e97f5594f118019d733d35d2daf85810e4284278fb56ac183f4228a7
226,train,82213a2e3f98d2b296ab3686ede2d47bd34d608ad88fecc699dbe05dbd0348c2
227,train,4c0cc4b10dfc9b2d20b16705263a0701c412c7967140e92d97c4cc3f92fd6227
228,train,0a0bef247da3939861a080db530377c9163f7a31b4c445e06159ac8d99df39a4
229,train,1b33793cc211046afcd1b10a86555f80a1368d54693adb74d851013d1fd68fa8
230,train,a17eface6d3fd40e0e6cb9729185ffc3053893e9a892700c8c58ddea73243d12
231,train,6a89a096c117201f1e9b185e161b7917db56e08f7c69e91058d7c8edf4f16dc7
232,train,1bdf7da64c010d58f081bb9c456dda7e5eb9475d6559354dbc7a529bdc5480ee
233,train,6a7df14b92ab94fc4f4dc0f0082718ad2f6eccc69c2d20ac746f5cfd941734c3
234,train,3accb50fab75bdc0b138a53c22c8435c8c288f28a5af8e23ef45397654fdeaed
235,train,0020b709f632a6911f74132a9befb731db0076cb389d30461ab74d2439656588
236,train,5d847892b0f1e22f0e8205228b0e75de6d7be1393f39ce92a151d1aa786abb04
237,final_test,fcfcc03982b3c26becf75f2735f0a51ce524ca934855e724802b89347ee05272
238,train,900626d0dcaff60e78bced67547496beba1bf34906a4ca76d1864f8ca7cd469f
239,train,2ed59320170cfd6c975d06054fceaa33784def299796deb04407452028d15cc1
240,train,9a9b23a24060549c60b6fb4ecf8e55f10243e6995273160e4adfab84abeb2d5d
241,train,0bcd9568828d6143b538f57bded965b24d9fcd8ff7ce74946d656f36f5990aac
242,train,86f0a45406791f0f8276e4003d66f9c5108ce682d933364fe2f7b4a5ac6da4f2
243,train,64d2e7248e07f06c6919ef736f8aa1d38fb5a83bb5e955f5be6cf123a31809d3
244,validation,e8c1f1d9db0ebc3d94a0f6d401c0cc74f2933db27805aa5f7c161d4c492d71ee
245,train,85ccd5a583dc2f030af38cb008573512de6ecd0b623dd9d94df635939f691eaf
246,validation,d5301d1dbfae947472c879a0757e5190b2e0bbaa403e8cde247a8c27f64121f8
247,train,cd58c944d9e7f53a3d6ccd0b23ad03cd9f623ea64b239c6f3713305d66628767
248,train,b9f85a76e8bb31baecf7fa4794e403f101dacc9659060f5f2033e40aa349e2f8
249,train,76cb47b6a3e557574825683f86fd1842d1648741672f8fb8324593419559393a
250,train,2127f1f1cd7fbb0c24b289e7ae6be049b75bc3fb525a49c94caea5a880a0fdd7
251,train,c49675cfb84378ea6eb764d9cc41592a71134f2849c59cdcc53df250281a50ed
252,train,206ab8e688fc9e73f011d1eb9968ca3ca275f415f13170fe3fc507e50f0bb6b3
253,train,31f9ad701a3e9fc5aa9b420be3e6662d60c3d8611a7d8cee801ce876d520dbc0
254,train,48bb2a22439653f061124c81bb551878e6d2ec06abd19191a3cedf3c4020fdd3
255,train,1ff2797316c6919d30968e1fcbfba1a7355e06101ca0d7bc36da0582d075b9ac
256,validation,d5d4d290263736cf5ae9b424a73a266454a6c3bc4da6e2fbdb0393126d72a07d
257,final_test,edf0687f40abf3cb0535e95f011c91134d04ad7e5c1d1ec63a6b43f6b45f6e79
258,train,4ecb0cbdff6000c6eb4628274466704e44b65f3a18cea35853b6abed1ea5f128
259,train,4c143989a5e61ff9bc9a3f1be53dfa6610a745dfb09ee4d243778dd8a973112c
260,train,735bf95d83ddcba35f535ad6094bd1d8ddd2214d04fbcfc39e3ec1bdb7b27aaa
261,train,484dff116b02077ee18f5aca44397d7b5ff82bec96d16d2845951fbddcc6d866
262,train,b3ecac9101c78558edd11e5b1ccc124017ad6b96f0c7983a55a1e450c075c2aa
263,train,64b1605f4dae01930e1e73dd3003e645e00963d1a0a712ec597939e8d4cdb66b
264,train,668d95f34f7a9996c586cc94cc538742ee7bdfa4d73a32af35c2cb5d8a530a7c
265,train,0c5341cb169e096a2856579e347623595e9fb6e2f607ded92390a7a4c1323b88
266,train,830ee19dc4d34fa1e71ac193fef6e5c1b511a4d3761b2b945121d3668dcbf8c0
267,train,248314495e0006a22c19d5e2693913274f80a4de7a96836e6eb5f40cecf72e88
268,train,51e4fc7f99a5979e9563b32262a89585ee56428d5eb6d702ce181dd9be488ae7
269,train,0658a133139662c96224434696291528cc72aaecec5fe2779b1f72b1f3f4db6e
270,train,281bc54944be5e1b6c7353a308a18b87b588c672f8700a246713f2356486fcc3
271,train,6cac011e3699276932db6c14b87be5701f1b2b5bf7d235bda6eb5b1ebcd471dc
272,final_test,fca7e0ea77ec96bb30a70b8d190027cbda59a4974cad0e9b13f9d32432e2991a
273,train,36a8be89f75f279f40532924866e6ca494ca36bb26e2b7494afac2f5391d830d
274,train,c001f9980fac7ae1e7d3106ef6a447e655e6d19808216b6834a013419774a9d6
275,validation,eba19808b0cc737c3045f0b9810b0f9d24e9739afa2087b27c989311b71f58f7
276,train,01045d5d0c54cef763034ae04fa1fb571a72f2884fdb0757a7f8754fb3d1e3d3
277,train,827e2a1fd51bb14d751604593e3b26b4c66473a8468857c49f631e0624392f65
278,validation,d86c52280fed45f76889a5eb19f2b5d4e8e6a925d8c7114f03ad19c104b13c05
279,train,7ac435a5fca5786517f6718a7b6a0c145dd4edc47f1b3e6f0bea01002fcb97e1
280,train,bc3ac0bd82b89512169c87fc24a168d99441ce758e37594aa5461e411843ff5d
281,train,3d50e82abcde47123da92872d545ee11e928360e9b27c9d0043a88f37b1f0088
282,train,046c5b81bac8fe5b4702e725f320b51385f031b5cc48d4eff9cddd3a7d1f939c
283,train,033f5b7d79e2a49713c5f6437e6d49281f162e4ab49861671fa9da5630727e10
284,train,6da9442bebf3c3aed5d86a986b755c4f4f48c29d3a20003903704dcf8232758e
285,train,56cc2fffe5b821a8e765832b52f07903f9d8cf026c79af3dbb20fb9249e98ff7
286,train,ac4e8f0b1b8051322f9902444c594463599ec43f3a0377f31d8309e6dc146a25
287,train,71cd3bb88f20b2b10e7554e85e885498d819ea7c6138d7612973d63c24b2ba3b
288,train,ca3ef78a553398ff436482ca1c6fbfaa650ee6e7f18daa52269e7f57de7b0073
289,train,7084789fa6adcb0a9a932c30450c9b06625cebec784458376f39bd77fc0b7de3
290,train,46e2d6fa60c208476c0767f6fac77943da79789814224a779b4a8ac3bc230d28
291,train,15c5db54a0d13c599bf9ebe7852b5c2d7c60501725078cfe399c9e9e373174dc
292,train,0705254eb0f4ad2e2e8f6ca912d17c6ad09f0efe285b33b0b446b20e3e4cbea0
293,train,438c7023287dcb2376adf27ca529dfd3b983556da37789529aa4dbfaba60a343
294,train,d197df52f04bc611aaf647bfc156eb2f142eea1081d33096528150776f38954b
295,train,72f9bd7cd00ad18d5241f48387c67abdbde48bb70cb4e93ab57590c1b5902872
296,train,a7d272d3ea59b6cd218fd7833dd5e9a5adbe10b83e7053819799f47387733f46
297,train,bba5aca18b300a50fd058602332b86253e3429d8f510801232fcb521e483c50e
298,train,640622b1136b891a1ff55f3d9867fafb36be54baa89feb72b2e6513c7a98c108
299,train,b9a598ea8430eb704bcdee25d6a56aa8e13fbf00d5460082eb2f09896c721a07
300,validation,ebf66b1fb1d96073d4c0aa4544e01ffd6c6061bf2171399648c9aa5da3d7c695
301,train,090e811a01dec3ae7ca89b612b99be4078ecddecbbcb548ea4cb23cd2ae2c137
302,train,0e18c1b815390428970a281db0cea4f66a695a08a417b6a89f841a4caa606de8
303,train,ae822ba9baf7afd26fa97807c10ae361f53b03ac716cde62fdcca948dfbb8b6f
304,train,6833b917b0f78e7a22a278bfaa9d5acb988af344247a19f620d8b41e39217144
305,final_test,fb65792deb2f3722f25e9a88744f5c8739a1d10919e548bb29cef1015dee0610
306,train,6179cc97d1788c1d9ab448b42e2f2aad32263c77a2f1a833d79db5fb96aab287
307,train,b0ee490d8893407c19742673597cd6b000c8b0f019da172ce3bae89bb9a2a1ea
308,train,62e4c77e7e59c09226e376bf8236b05d36d107fbe5339013045315a1d73a34f7
309,train,c0f798268d8d6555c0fd460f9b5587aae4e85b3c85f1d7c559a59248ec52f772
310,train,7856fc4dc5cce1c32402e72f3cddf86edcbec836fecce7b87782da24f92d341c
311,train,041652e72e50fa19316a0d17cbfe93178a450300c770830f24471677a4b06b82
312,train,8073dd783985af1b6272697d1cd06c81b2e7c55af4b2ed2abb35fcacb9dcd038
313,train,34d7daecab6809f176e054dda1c89a9278ce894fad61f08e6b0b223b7da9f2b0
314,validation,e0b8e702f83ba983dba2c6a818b1173e97da215ae4f3d488e641ffe102f08c53
315,train,679ba01005b64815ffd9d8e1a3642fbdd6a971b9e360fcfa3f27f0234c4fdea3
316,train,522b35b62da1e8cb3e52550366f30bb1430fc8fe7ef5937302c7d0f72617e426
317,train,73e94cd43c2cc0d3eb19e39fd2e37d7f41a0722c880e56a27e1d3326e60dfe4a
318,train,c0e47d63f1b12c3dc5066051c34339c10780f4ad8d84ea8ef353b392255840bd
319,train,938352e116fab4ab9609f5849424ccfa87647e1c5441ab429ce842bef4a9955a
320,train,2e49265f8321d54f739cc917da7cc2e2dd8fca1ec1788e87ebe87dbed99e2334
321,train,7b86db65a0f82d512f12b5fd411f1a3562d4f847e655cf32cd5ddeb8a15dcde3
322,train,c0f75e8616558fed2e0b8e071dc30d4718215bdc9618eae1ce03d177bb81a597
323,validation,eb7e951ceaf914b0618d79212158389431945e7b2943c500f54cbb7d728fd49d
324,train,b3c4c210a9f83716ab6dcc9260cb910ab167e6c5a93644f47f286e8b462a13ec
325,train,102b27ef6db9d3c4dc179ee87dea0e525f40d204a57c4bf313353609548f9e5c
326,train,0bc6af7bbd087c506434cf22d99186a084f31232542123d23aea30ad01058658
327,train,2fe4f1a213de789f77ef73bdcfab28edb9b0548cfac78b12b561bc6341ccec8e
328,train,b7e36209274e909f379302ae3aacc4450f880df55c531c7d99d2e03a6ada6b94
329,train,76331bc3f3b7dab9070cba793a8f3020e5700ed981fe483d72248d6f599287a6
330,train,52016c0984331ecbfda8abb352ecacc82ad1da9d28f18a878355a79053ac1644
331,train,840f5bd22efcc9786c1c0cdfb0ecabe26f5260467a858a517ce8c8b301953d84
332,train,c796105e1fca089138188e4ef163b7f638da3070ea6d632bcce17b6ef89aa907
333,train,8ca9b905f6af37b1d6fdc134cbdfd56e039163b02257c7a823d1162c1d644d95
334,validation,e7ac222f6ec2ae81899a0fda5927895b4f9e466bc8ced67a026b4bbd34e48037
335,train,9614f58996e9aba08b2eb9ccd3259e2372ef7d43c41c57cd0f7087510fe39297
336,final_test,f46e346ba92b8687adf272e8eeeb57bbbb5ea7436f94c5eaef70a9b19d90f615
337,train,37e2fdfa2a5b0cad69c0fee32ebef10a8bc4005442586f8608637db4c05c050b
338,train,aa692bad918ce37d87970caf27cfca547a31cb2566732ebcd07f1a32dd5eaa4f
339,train,a3039f5afdfeb5889e8836a16151e2d1ef02c1cf9bce5be663800e98efb154c3
340,train,b7baf1c0e6ed8ec374b22f6d22c908588e76fd4840f1dce71cf502f3862e0d88
341,train,82b4aaee516e8e5d31b500f67a04c7bc636e11b547941d7eaa9fc93bd6eb10da
342,train,99b99b7b071d144bf0e77ecf3c140f53f28bc5f5b9a896a28740b6bc9d92d70f
343,train,00441561b861e10028d534d5b5755b652167fd91e4a871fbb47d1c79c5310127
344,train,5b202d1083df3a575ab4346d2e6ba7217003e4ecec64a32179c632891bedfc86
345,train,c0b46f959eb8ad5db572867c91ebec04021e561581e24ef0d7436973a9e1eca7
346,train,a7e83d247a60deb44bbd75fbda4b742a79a146bbc43af4d4aeea2e0fa60f3413
347,train,c3e7d2b92fcb95505c3cb5d3c4536eace0c69bfa7438c7b5307488b7160936b4
348,final_test,f9f33b7773ddd6bf289c93a4597d6fc8cec118537c9a9e1c73cdbcc1de747dc2
349,train,77ed2fb2ad4b5a8978203582623a50aecddd178c8972a5d7fdc7025c491c7c63
350,final_test,f7d2d505d6bb0dda96c31a902bba06eed6abc3af8fb36d7a729f505611c1b85c
351,train,cd46bb71103b15d8e3d0a5152ddeb49dae03359bb81c8b232679a46ebec047cd
352,final_test,fe076c19286b7a3e5d69dde90ab76455bc4ac64ad839e75e48920a090571b840
353,train,8a282dd6c08fa0774bc056b51f58acd3033ed6994f7759659e3e9b41720fba53
354,validation,d62c8747cc32f53a35afe4d8d5fb03a38ae3d34e8dc72ba93a0e9400b217f8a4
355,train,94a28ec4c16085d109f7d1bc71f75aa63997e660e785d74e46ebec23154ae35f
356,train,b46af717004c5c2fab1d87e13ff1155c5a0e21d9b3c9ac2b02a5373001c9cfee
357,validation,d659fadc7051d5f864d8dc518aae0c3280402d79c9479fc927decbc98b5b72ed
358,train,0391b41f90bddafdc58d968bcdeb8c1201f597985f997b4b7ee4737202edaf3a
359,train,122cc8da25fa40b85bfb6027f2539e2de231f133a2600a1f1b6a5bf23f1f1303
360,validation,e946dd908cb1377fe334b026922eb5f6bb03f16034804fd2f60ab18e4f17a97e
361,train,50040eca74601efa67d96e1be232984e42b459482ca6874f9483e4e08510a761
362,train,879a8e247e8cae78fb6515f2db077137ae37613c9f00f6ff7dcdbeaf25f1a1db
363,final_test,f97ae692fbcfbb50ee0f54192ac76ded6db590fefdeb0322fd07201d063ebffd
364,train,3da1af2e887900b8ded0d9aae9757478d72560887f1a548e220ddbf36843d172
365,train,88924878bcd651cb5063514d02a7bb1c501ae1f5ed4ba5d6735d1862539cb778
366,train,1de2e40a54582c57c46fce9a7457369d46f8675b4f42f071f954db95da58b4af
367,train,85cab4fe4172d4a71056a3d4f2906ac45a59cfa64805daa3dd119c186391bce4
368,train,c7c8391bb9d6f1537e1a9ccb6b807a4734b6fe8a27bc7275ce1bc8d448780fbb
369,train,c01db71599fc5f7309de8eadb66f7b28d8dd3c9e40264d75d9a21b7e29668481
370,validation,d5f769a65597f390c8abccb9b202ce029d78e132e486354f6c406c84540c6ef6
371,train,91020c528a400a8e9546274f83526d06f47d9ef65f513dc858128bd77943abc1
372,train,581544a4676754048ed569f07438d4eafd17eec9f8b47650fc6dcf8fa51d5c78
373,train,4e95df8ece137191a7d004dc30251d5f6bc2299d0238f7fe8d196d12939ad253
374,train,adfe5fa6d10e9a37093ce84b8f58606f234e99c18739f7b7e1a2d12c6075c594
375,train,a94f9456c307f8df88b6f770b7dc93d0135e851d5fabc2ecdff17473aa2c3760
376,train,c7f2e4adba87bf4ebfd2799712381ad557ec2fb297b0adc59caeb1f6250d78f6
377,train,7ad99d9c7fb865d0fcd45cd49ebba477856bd3e39ed872ae863e00df8dda1b8b
378,train,5335f7bcb2def73d4fd7339990a5a4fb255459da8eef9b5f0b89ccf42990283f
379,train,30ac4d80e1767475b44af8019bac873bf812ea2f8c13bb30e6ddcb6a671b9182
380,train,35844cbf8f9ee8aba4f392157dcd653077c59f794f61823cf27d1cec20b3d498
381,train,ca2a7b4d70acede6461d5c1bd624566fd5bcce015b1fa5fb0b54a4bbb782cefb
382,train,1f0785d59eb38f6c8c6fa9172e4eda3f1f0c6e47214eef6f385313ef0ca339d1
383,final_test,ef286a72be5c800befff84108c747b5fbacb40cd8a0f4350b03c7ce608e42d83
384,validation,eb38157f361145b41f5b7344b9a2bee090da34bfd06db818816f9acd13d394c9
385,train,a15a9696e5059d2252b6f89196b2772b461324e2a9dca1298edcb01bfe65e93a
386,final_test,f64cf006d7805f18bdac77e17c310a32b2fbfd50cea3fee6e7a56421824906ba
387,final_test,ee502bb344d30088a0726bbc503f9b9a264e250d659af5cf0e5579c71f966141
388,train,2f3e728d5a15b70afc8f96dba41e4dc6b744d5cb43db164c7e185f9f9a606087
389,final_test,ffdf15a233391aa8bf896894df41507eaeaaa3a53aac1ea19d8bda8f2d41aec3
390,train,620ac36ac7ec1191582d763b1003e1875be646d6622338e23bb13499512970d2
391,train,6e8259c00df5585e36e5101bb9ad9d1c5fc6449b854d2640870d187f98275648
392,train,8bba69cdf303ce20e3ba87fafa77eff5fce67f589ef7db7d025dfc0c5a8d85f5
393,train,b339dd351ed6a59a372b082ba9f3a36921fd7e0da3cfc13ee23df6be86519b3b
394,train,b905ee627c3cf9e16dde9ef86a91317f977e2e6c12aab25ab948426860260f2d
395,final_test,f49de0b41809b8ebcb995351539bf42cfbf202e5c4648aaf85e2ce797c50449f
396,train,35bbc8d9b9f745abc2c9c0f7e5ce88d729629fec38431bd8b0cb821a86e7ef13
397,train,94cf2790d9d9f32e64798cf44e867ef393e04674121e1befe53a3414c149fdfc
398,train,b3ee7b94569d4c83fdc8d4ce360d3f9767f0a7c5191ea937c2eaca0d2b17a705
399,train,359035c280126374868319c485b37dae2175db66e42880fc04121972f721d3ed
400,validation,e0869fadb0520bf3bc07a7130956a9259405929758c253faf066ecd15183a278
401,train,802831fbe7adc2b9c2fb0edbb5b916117c35786a221f0df3af4e7bc671264b71
402,train,7caa78fe2c3d93a0a01de9ba8c3d38a1e85330a32a1f90a96ba45f6dfcebd071
403,train,4b4eaea1bd8cfc09318944cf8f6d6d7e8812051d6a2c085de704250687c1ee1c
404,train,0b712c254e27f37e5fb5385fe4107e746e71c0ebfe4bc86a391e879098a0bf41
405,train,40cc3bfd8e0218040f9bba5adf8b14f0704bf10b2456afa1f9bbbbb40db35c95
406,train,a9f628755ac027c8469c6cbd6f68bc4fe5dc949c744351e758bb50a9a44fb77d
407,final_test,f87a634db649af3054429b1e25f7a6975b1bcd046db68c669090775460ebd2af
408,train,b935b6e6dd9d1efdd808419b800b3a4dcb6de4dffb1567a406ae5864a3445d1e
409,train,3fa9ea8d03f8ec963957cceb0192d5df5636d9b299f9eefa7ac166d33781fc79
410,train,0152d47d2ec9a7719a5322bdcdc1d403fc0f2f54bd339096017c2d52b0c19d84
411,train,0619011071f414e258df3c94fc02fc408adb985900a1b7ee7b49be600b1302a6
412,validation,e71157183ac886b60c975768380469f99735b51893930b4024b2fd505bd90844
413,train,4094b767bb416f23de25386940a880a499e62f270e0698d8f9fa905e2cce64c5
414,final_test,fd7ca86f5f60358cc35b006139f19a0ce62c7a2e15edafe5a9aecfa50cc7e2f1
415,train,8c75758db999b45cffb07cdd41fca290cb07587cc467cb9d10f651a3c8e0727e
416,validation,ddf899b1edd9ab10f5873eb7076e85f34b359449fa04a86d06dd174a24c9efd9
417,train,52ef9451c95b5b96d8fc4b17b162e71f5b81eb45bc073f6d481900eb2725d5dd
418,train,71f8d3971ec3e389b564675f8823895bec29ef2077913a85769ecb7e85942252
419,final_test,edc38dd1f78c30f53563bb870cae686d8c4595268910321fea331ae5bd0e6f09
420,final_test,f2803c9c8dd2cb5196b40f009e9128abcd25edd025639e2124444249f119ba58
421,validation,d73822a485c3dc2dacd52acbddfcbaf26cb6cb018326138564770fb4c493c2b2
422,train,5b7bd0121fb85fe7ffc1e5d66b5d4cd60ab34f0842aea48ed0a9e7c7a65a7fb3
423,train,0d9252b8501195a5fb750146388dcca040f089d3de4d0d5f2f08200cdaa0d582
424,train,1c23a280ab9bc2cda5497b5108d802e6ab5191c9368d920acff6cb776dfe49de
425,validation,e4bdc6c380c266a5afbb0fe3b750ad02c05d794f8c82ef01fce44f2d8f098949
426,train,5ba1831892ee80b8c8a02bc2fb813e4f5a909ae8a19f515d48546ba3e19fdb32
427,train,c82863bdcc312d2721ff7c93a20a2dcd0854405b132bb04b415d41ba99568ab3
428,train,2f4870d3af9f97fa95d5b1b4a296eb02b2571b6e2d6436e84cecbea3a9bd0d7b
429,train,653f7b2fe3915a42274087ac6a515c4eaf11055204710c408a27a9527c3f5252
430,validation,e55a37b8b91f1eccca831df0ffab7a42a934b4af0f8ccd61156a4de56bbbfaa2
431,train,84babf85f94224ca9572fb8bd54d4014e540959d48c455821ae62c5077b4f5b6
432,train,4b2e3d93e189729a4b01c40c95abdbc77f1d11f6cf22d960a1fe18b8a903014a
433,train,c5d671292f9ead52dd24f9ae9a6b2ee7284c5e2fa21a5672c5cb227f3be675fa
434,validation,dfb21cde43a907eca878165dd37b17c7693bcd31194427f067849aabe66ee65d
435,final_test,f975f695624217ebd13ff7692e7e58e86bf590a0168762f2be8910ab9c0f9119
436,validation,da01174b71b8350887391e13fe85dcc8ec3ee720fbec5af89088179bb80cb42a
437,train,593004f885b15daa2aa2e2756aaf0b1c3d806d7ce86da85ad0a2aa0c611df27f
438,train,cadb7b4e476e25bef93e7ef43615bf53dae697a015cebb41f3e9885f0247bc5f
439,train,9abe6ccf3ad6adf44f0bff035e8c8e0c49bc03fd46b62b1c0f24695c35107017
440,train,aa33490a6b7a01def294d84a133dec9c0119e2804ebbcb3abaa4f8d7f19409c0
441,train,7cb4000bc6724f2b4922732fd05179d370a9b031287fb0f24427400e593b7ebd
442,validation,e97008bc615f2fd9b893f9464aafd4420b6717a965940ffbb43589fb7360edc2
443,train,4b7596b80e33bf5307fff82d3c47d8d66f6192479dd11ac100fa4605977ae6ad
444,train,bff7f5a937becdd8eb18a4640a87f9e5612fb1394d8b163a6fe037b462951247
445,train,044f96a1c3a1f55cd683af6516791f13fda982c98c9d3e3e72704c6f7e0c9d06
446,validation,ea15697bc5bd0baaad5b391cacf518c87a9cbec98b48c394bac5c691cf1b5e1e
447,train,1aacb1036a07ab7193cf918760ec4482a75d0a821d863ec188f60ac3f3f2ae1e
448,train,95062b69050986714761c076827e1f8ba0ee2202ca342e86131326b2c4e6ac8a
449,train,08ccf4e4c23e99e7fc692292ffc2ae09a7139c63bdb56d3b1dd785c7814617b1
450,train,4e16a5a6a0d80e199089259f1718a76727469fe48e1b289c8b4f406bb8e7a875
451,train,1e060f24427eb4f3a6adf20ee5510aa356f07a84a0a7749b6aaa2a0e1c3a371c
452,train,a68ab15337609dce73d1714af4d0a161b7f743aaba1fcdbd1dbe953be2ecf72d
453,train,6b20bcbc6a1f82b8d3224524ab94bb4375b0d5853e9da662f725f48da7d821f9
454,validation,ea8461b740501c2b1c79a8701f4b4235ee0e6e0ad22aea1553f01234da3ca68e
455,train,6444465e92d4455e29e89e3d8c110114b2e6632101bd33ab1bb8dd3395f9c4fc
456,train,a5166bb0beef76bf7177172ae1f46e2e13952b723d1c1eba07d739e7854b767f
457,train,4d3b51af9acfbc75ab16398be9cd3651c96bd1872a447f80ef99604cc5c2670f
458,train,55a7e08a9dfc9ad5f46aca1d5baeadc61091681ccdbb6d3636fd038d661599dc
459,final_test,f0e81792dc514e7d42f87e38c3642a7090733207367ba79515d2f70f4fc3f803
460,train,c77b98544f3133344ba225fea9d28ff62586008300c0ea0e47c08603900bafb5
461,train,4a23df9e61f8827a88ab6e20b8b1462b94afb4234817487dc2f51a74cf029167
462,final_test,febee72029c09de7f71be317f2ab562334575c8042515992312cd40e7d448167
463,train,979cb536f25e6e39820cb2c2e93c62feb2d102b6a2714d96209dea7a65e9be23
464,train,a0383236875eaa3eef94793aa8ede5ee9702468f892937afe5d755412a420164
465,train,8f627c493290052fdacc80a6c3aeecb0d386b09ca4ca2d2ae7f6a50a477335a9
466,train,55cfa6d75e9e12bdb6e2986ff40003ea5c493189a4f3de8049b34fa22a1137a5
467,train,bd4b9d358a82fd55993e383bdbe6bd17ecc57e82c92183aa81124834b3c316e1
468,train,9afba47097108187e33fb439592cc995494c374890431cea7994d95596a19669
469,train,8e1a742a3294346e81ea383cfa8dc2140dd7e862a8b9caf31aa91e9911e36fe3
470,validation,e0bc27fea47d0f5e07ab1abc38af36432f706ead13c6144cc8879d1e11ac4042
471,train,65fa05cd0f62190e20dda145346fc2f7001ddcb320861dff80580a4048d665c5
472,train,bd2b1dab24e17e37ccb6047dd6af8846adb51e9a5e57411ed0a728a7489148ba
473,train,196d1c8dafea49fe2960d9dc052f78a4d086af283a0743dceb164c7b7a778b7f
474,train,4c5f3d0263e568c5b75ff478de319c029de8108dd1a08be2b6204700898f30a2
475,train,bfa4420fd92b0b9ad08008e2dcfc0ab2898450979a691371d2c197bc859b74b8
476,train,aab40e31119ba49088d34eb4f8b8fdbef612f520957d1f97ed509ad1c5dcdf34
477,train,127eb531df1e31224a9950134e1d2db7d21f8a1001af1404d812f70cd22159ca
478,train,1f0c3755f29993d3f8362a7150c4698196a208cf0355e1605cfc5e2cd6e3030e
479,train,1679512a5e28cd17e3028b81d60c1751a6e885bee0622db30dce32395cd195b3
480,train,844e1e3b31169dd75c6f43900c42683b049f3e46859cabed86a89de6b949d742
481,train,28b8acf26d3a1d2b05ce14a64584bb9c3cb0f669bd1494f3247b52d6ca0c8d50
482,final_test,fc5b03f8b293340ab083803e6c45fbf85997417345b39e2e7f4eabb688e17870
483,train,946f911ec43bb4c15bb955eb479fe7d0126219b1111db71f0873a37f15b36d18
484,train,a3607b9772a62efe18aea981bfe04569b41aefb51d031294153fadbb8211b758
485,train,8936bd522c67bb45328f6ae4f37cca9a498f0821324c9e983747863bba8c6fef
486,train,8d50320c7cc4d12c96fdded0424ed5c4ef5a9d2a0f737db0f7ed5e376661d90f
487,final_test,fc9abd66c6de15d04a3d0478f04d4d6d08266f6cd227fcee0f5591001dd947e0
488,train,5df4cf054decdad5452818a65328c7f23d595c3c85785bc35f3c1422e022c471
489,final_test,f93fe182900c84e65e47a82100fdaab45ad1e9ac014e5f74bba3b02093d3e18c
490,train,2394e91cff79f5bf68368c3438da13d1019691f6b859925d3a19be781fa7e7b8
491,train,872d6bebb23f432531db71d476682705a0f4b4ac5c9dac91cf12608a249d5754
492,validation,d5222a5a9457dade3a5ebe078735bc0e6447a0f756cb6c4606026f36a0fb22f3
493,train,6d2a040bc3b8bb82077b72451b96514c1e2297c9aad9ecb46e5cbd954ffe8e4c
494,train,86bf6bb6ec2548f593c1ed389128e30dc06e63629400061c322cec1cd8c51b15
495,train,c672d29964184e8b9c9dde3371849a22c16d4cebc069674cd52c3136b7b3c1f0
496,train,687593097134c4e6f68f9b1c666eaeb6586cef0b71ad5c526913e8c1154a92e6
497,train,7eb9adf0636168ffe7ef4873f164959ad18aec32e0481c7a48ba7dba3a201d98
498,train,ad0e9125e3d09d8d01f1a0ada4c62226f2bc76c5fc908d0efb1cce379de46f02
499,train,1c7842231054177cb1738ea2aa9385a5904d64dfe87a0a32e93b743131c79ca5
500,train,097230ded5e5c0f9906906b2ea6b1844115238812d1f0c281464d6d9cbba0822
501,train,5cebab490c996871e76d3f928e238632eb12b4aab57a477ec166a9d897a91357
502,train,85cd65e074b7e05ba8f6495292ea9df03047930e2394904982d8eccbfbd8fb06
503,train,5398d3496c4fa1e14f3ace00e539a43b082cce6f469ef52ebd73ef587a314ab5
504,validation,deb59e95c64a5b47b2e76a71966dc5bae22ef8e596a305e1468809781ded3dfb
505,train,05c44c63e65dde07c8b424e09748b0ea357ff504421e17c59e21c64c3c146bbd
506,validation,d4ca9e5e7b73f3dda52ad2a1298d56dd795b0a2fa8383d77a8dda844aee8bd41
507,train,1bec1a999f23a9134e92edbf78d8506878a9fba1df83e151affddc5b20a8b116
508,train,35a1b85c184eb7f038bbe0ceade183c6b63831ae310559df90f31ecdb61371b1
509,train,3aa38838e0d450a8982851d5525b2caef6fc69e95dc9cb0629d7f54ccb82d65c
510,train,3331f07906d4cb9d5915816e2c65dbd0c44cab7511635d6c57b66164e945cf9d
511,train,a96a07db689d0f21836f8a67cc7b3ca392888a76369339c0c7d037644dfc7597
512,train,489f0163a351ad4f117d6dce6b9f1f84a84a7062d3c5af3c052579253bf4ee5b
513,validation,e6424238fef974b65951f5c4185c21295f8efb79c3f7bd5e1d086ab3d0d2ffa1
514,train,2d780f00e1c667ad02462bb4fc5dc79d9741852f4005566d0c8f2b0603ab1806
515,train,1a10dda9c7060f56affb532b1070de3ebdf7ec4955c0fa0c60f007441d8da2a3
516,train,7ee40122190a4ae1e3dba851a95b4f212ae44eed000a6a39be032245f9a9ef00
517,train,9b69bbb88079d1c4301c561baceebe62ea9460be9b42001205268be22001e9e0
518,train,562681351a214d67ee00737f050f6f917bb6be827e46e21b66e2c600657c1e06
519,final_test,f3a3ec2315a1d6252fba7f5bc2cd0b660b6936b99dc2ae9308e19259a67a8caa
520,train,8c60d6c4e8e90c3414c3219cd892c43bad3bc8285f277fd40b79b7c150fc7e82
521,train,57d8eaec0b4888978560bb5880d3e871c2be39fb35f23165011651477a94d78d
522,train,00d0f8bc83aa36e3b52985896c498f32aac2fa94b5a5745e59fac56a3a2e1020
523,train,24bd4053e9fad330b02f3efc279b8c84d0a370d80bc769d4a9e04eaaeac880dc
524,train,c864758bcec07923f9cd6f1732b5617b6b7f72c5cca9a7a7738ef43233f21933
525,train,1bd25a48590d194cf18bb22e67b92a790e9b22571685d5ae82e7bad300b339e7
526,train,2d69f5ba254e2091c78e52523845f5ddfb9e7e7d855afa055c12746366abcba9
527,validation,eaee4e61ba5a9a2c9130168c968cb31aab16a03200eedb59bdb26a0076f4f60a
528,train,18d661282c35a157fbc9334edc6bba2f2cf6ac25dac73143f1a5db3afe251c27
529,final_test,f9f0cbc4511f04d5a8d8cd8151eb9faf6de899bc7f164c25697c818f77a93ce2
530,train,c9b25d56f1e43b1834efbcfef298b1415deb6d8ea430c08937020e69dc22ff43
531,train,785ac0326aec566e761eaa92a93f6439251cf5a8abef4db800419a28159c93f3
532,train,7a0ea748ad85f261eaa7e8b97e6f82c6a5e43ea4d48de9a765998bc5a32256cb
533,train,2b387cc41a2a5e543dac9db418147119f79765482295677347c11c4aced179a4
534,train,c323bc73607c27a5c41d8ad5fa80a3647f6f92876b8b3403fe45047111a6b10b
535,train,1818d1f7d68f4999140bd12653f740bcc96647329c972e04a9ff0734553b44f5
536,train,cb6fefae0ba6af31a60e3b5903d53a618052dbae0477147ad4d281fcaad22bfe
537,train,a371bcfab367b177c47a2a2b68e98d4c51a4a788ca85e7a92b7e08d00a4001b8
538,final_test,f81282c39a59caf56ffcfe4987ffb84b004ece69d9b0a3b2bc90f803a2e9a2eb
539,train,d2d528e13166fc15c2a670008d83e2344d95b2be4dad8a07dd3571aff4dd493c
540,train,945b7ef33c2ed12a155022155335c43c9ee930abf167564b017487c663b46106
541,train,2efb26b9146effe0469e440f7e283fb8ae945dc1e5df56750cc6a581c944db7a
542,train,cc34846128006b5d8e7bb45f8e606211164275be7dc64f4ad2a3734f77019787
543,train,bb41d60082140b56d88674e22f90bd7b071b857bb5cf3eb3c39dd990c23811bf
544,train,94ca52a6d432d22ce77fbd0ff938bf3de1f0ae9575fdbfef8fc56bc31bbd6361
545,train,172444f787526e08ff0a16c3418d7b76e219c141c5e586c7b68dea1980332319
546,train,6c0751e68f1a3e590ee73208ad4018db5988aa6ec8f0d6dbf0c5061546670616
547,train,6f3f189f51bc0b7577a2a900fbc7ec53c1057bf39c237781cb6a048f0c6b0646
548,train,2573df940e25558b7b77005d32e8d352145f6ec9a3ea4e92990083f31679a487
549,train,0a45d890390df76d5705790ee0ccbf6c45bc7df3d5f300a5be104e8db4595ed8
550,train,7ae86b012dd32fe1c4df1eb2d1e5b0cb64d328593b24513efa874459bfbf9767
551,train,d0c3d685ea9e9bc3941763ae61735e85417df65a2310bb244da55bc729e77095
552,train,aa8799bad56328dc56767aaad37df73351d901dce5434289a1eff936896041ad
553,train,3770823c881753f21b897e9518caa310ba23e158995271978621dd363f07925b
554,final_test,fdd3bd9823ccd3f6ac0bf0c0e3274d67d0500ea2d7d428009a4edb825e9a0235
555,train,777f718cf65461ff88792cdac38761cb45b0a74f35ef3d23e72c8f8e61da0d21
556,train,857f6452c8164fb301ff6a24daab0164080a3483d6de4963880c0aa680600c87
557,train,7b327828d12a12ca6e5d8b2c90498f30a21ce77e147769265d66012c3bade36b
558,final_test,f6589043283c908c9017b3f5888907aab83a00e5fc39912b1f2cda8df59de6c2
559,train,375d6d31cdd337414b9609d9756803cd4b001ade5c1d8f0218849e5602cdc7ad
560,final_test,ecaf72f935c54ca536d16c91363b740a38dd9a14975c1260cab59499a0538534
561,train,ac94b7ad73d120e84ff999c847899f560b17fe3b630fc5b804a47f2c8e771b86
562,train,a5f3f06848bf3e729ef9065f692616eecd332ceb640efd60e2410003d92b66d7
563,train,8e0afb355a4c84f8fc18c6be0503230acbab45c034825a55d784f3fcae5e8162
564,train,9fb2bf5a18603b9662b196409ceb06bda4e2502d78cffe98c143ae17f6151056
565,train,80e715e861642a433e4bd17fc7f053d73c7f60e33cb89ce88bbc76f98f7b7082
566,validation,e8c18d2e699d1b274b0f1bc1b7b2449c900f7135d78851d83db202ce2d3fd263
567,train,22d668054aa019039a7586428bca239fd343f5547c5212d6135b484dcf3162b6
568,train,9f11dcbfa5a4ad858f153e53ba3bdd0799a3e285318ebff3c75366a42b19354b
569,train,75f9ffb311f8c997be15d5a32790a898d4f56c0b857399158c56e4dff1565000
570,train,19fe540047e85fb9da31ee674d7e005062961f5c4acb5a5e2f45b31cac512203
571,validation,ea92f52364ca6acc8946be8baddc0ec69bd69652e214f6753fb6f6fce7c6f122
572,validation,e010222de2df97a5147ce5c2fef852aa2177a32235de8cffa2fd9e658fcfe3b7
573,train,0d15ce5b85237af67729425cb912845b6385b8940693496e86f2caecd569b10a
574,train,d46169586ab6d09065cb9b41f6b5b82e7d9c84e5030a8fb151be88007e592969
575,validation,ea287de6750f5d2f34c5eeb04749274de17f39677cf798a57c81e1a5900d8168
576,train,2214383fd07886413a7891259336c9604e2b009b7c5d2c1842b923d994483121
577,train,a5883c91463d98d0039d0d84ca9df9b314611660837b465864f70a8e038ed700
578,train,63e347974407fcf2bd587da10e6aa71ee21cb210c302a7184359d819d3d0ffd9
579,train,8e97c182d67caebd1d63a89fe20306be23ec88c589648aabc2f5015e1c19bdac
580,final_test,fcfef72feb65ea0860296b8811f279054e59df5c032a87a86abaa64a307344ac
581,validation,e2e6ec61959605855f744ec98e1e2fcd39be366ba1b5142b8addbe27c2db47c0
582,train,93899d0c5ca1c0cd87ba33d06e6a15e7870299a6299ec875bf098a4cabd0e229
583,train,ce2bc9c57460df3d214153ca05a8b9bfa3046eaf501e768c75dda509d36f08a4
584,final_test,f80406e8b8e593cfa6f39cd1bb2729b1a34487c4a6df5c2677a244c19fee6e1e
585,train,1b85fcde2172c092f43e60cbdb1d751b08baf3f7d9021ef53fa382c9161ef3ec
586,train,4baf3a3f4d1085a3f1cda60b75cf7215c6ff84a5b5a88f01cb8f40581cbd91a4
587,train,a7a16d7b1dfbe1a76417020ef0ebfa26466e4656c80ff77c94e0265bb7b9c134
588,train,50aac33aa7e3b17e2b53f6a3b2ef94f71fc9236680028b81e9ae19ac087a143f
589,train,6375ca887953ce869b570523291c04c146b8990642f5e7010ecce12f1bad8119
590,train,bd792396cdeeec87b074f1e9fb22f4a7f6ec0717096784a91ac372771f43a66e
591,train,d475c2a708204013158014f646c7c4e69abba7abde4300dd972a7278bb1ed0ee
592,validation,db1dcdf5d333e0055f869126abb160f8ef9e65944ec4d62fd6f0b673aeb56278
593,final_test,f357ebaf1bf4b626e5378ed79cab767a9ef47907d36837bd059cc23b1a732c14
594,train,938c5c5f05a6837cefd28d972d604c6fe8444b37c2040ff2585fba010702b64c
595,train,5f1098801611a4a19eec2b54626d1c532f7a9d5ab04190be4382a479f6158e54
596,train,2d66da166a9b8f84f3a00dfa3ba21e8cb968a6e7949f1eb5fe9df7608be08b17
597,train,a1bb011a97b98dd903a7c928594bfe5a28b172d109947c4753cd90736f8a6665
598,train,bf71706badc67e3ba7588f7eeb8d970a6c842f1164c98a5a5024aa5ffa97bb9e
599,final_test,fea2365f3054dce99716ae796534c8908cbc5b2eb83d81d3ad565525503cc622
600,validation,e3dd6b669cdb0214fe7fd939d2335ad60717d958ec40e6ef4d564f6d7b75cb3a
601,train,38fe528027c7e367004101780244fb6f6b6eb2044981db936844ce9e39aa7dfc
602,validation,d973c00be98c05f2c5dcfce11bf8a46d9ee779c22f55e54b99811117f7f61295
603,train,3859273f4b20504de3723c030b5539f45ec3956cfb72c5c205f9ac74556207b8
604,train,67f3ff4be26beb7e7d41c5a839fbae84b318d987bef37394e06d0d1f1b7379ea
605,train,523dc3e6385b5375ce25bd2c10cf132e46b862b3f41d3d02865f2ec5619dc99b
606,train,685d6a0737c816ae0c1fe24c1a5f7223abe5a266843fc19c14e70ead0c3983b2
607,train,0d645150549f2c5714345e05af579440870a528603eece3eef75e30be9bb9b5a
608,train,25ceeb56a9cb5e91f83671180f4aa85469afcd38583495b9a3a33302a6e1773c
609,final_test,ef6664fe6a338e7365ea1d14c7a1eb71b2ddeb26ce555a3aa70e07a43ad083c7
610,train,2cf330ac9ff646dbae655b80456c12d84216208d53ce4854f785e25493bb33c0
